,,,Orphanhood Status(Below 18 Years),,Disability (2 years and above),,Disability (2-17 Years),,
Region,District,Sub-county,Orphan,NonOrphan,Has a disability,Has no disability,Has a disability,Has no disability,
Western,Buhweju,Bihanga,473,6928,1734,10652,343,6186,
Western,Buhweju,Bitsya,563,8357,2018,12791,478,7390,
Western,Buhweju,Burere,805,10162,2065,15672,339,9182,
Western,Buhweju,Engaju,689,10386,1755,15640,500,9042,
Western,Buhweju,Karungu,586,7830,2120,12298,537,6962,
Western,Buhweju,Nsiika Town Council,128,1368,404,2283,69,1252,
Western,Buhweju,Nyakishana,654,9633,1261,15426,297,8698,
Western,Buhweju,Rwengwe,695,8326,1197,14525,205,7736,
Western,Buhweju,Buhweju Total,4593,62990,12554,99287,2768,56448,
Western,Buliisa,Biiso,825,8672,2940,12158,817,7400,
Western,Buliisa,Buliisa,764,9049,3808,11667,1502,6847,
Western,Buliisa,Buliisa Town Council,334,3697,971,5686,236,3230,
Western,Buliisa,Butiaba,1105,11239,3988,18495,1082,9284,
Western,Buliisa,Kigwera,678,6895,2413,10078,561,5967,
Western,Buliisa,Kihungya,695,6745,3158,8271,1123,5355,
Western,Buliisa,Ngwedo,714,9327,3590,12022,1409,7133,
Western,Buliisa,Buliisa Total,5115,55624,20868,78377,6730,45216,
Western,Bundibugyo,Bukonzo,406,5808,1336,8561,331,5093,
Western,Bundibugyo,Harugale,473,6752,1559,10205,311,6078,
Western,Bundibugyo,Nduguto,420,6168,2925,7702,1099,4712,
Western,Bundibugyo,Ngamba,536,5585,1571,8203,420,5008,
Western,Bundibugyo,Ntotoro,429,5466,1228,8480,165,4939,
Western,Bundibugyo,Sindila,400,5966,1557,8749,237,5386,
Western,Bundibugyo,Kasitu,768,11395,4365,15045,1441,9098,
Western,Bundibugyo,Bubandi,816,11391,3050,16971,531,10062,
Western,Bundibugyo,Bubukwanga,920,11604,2372,18847,304,10622,
Western,Bundibugyo,Bundibugyo Town Council,750,8520,2048,15181,324,7684,
Western,Bundibugyo,Busaru,524,7818,2313,11356,498,6718,
Western,Bundibugyo,Kirumya,399,5880,2180,8087,421,4968,
Western,Bundibugyo,Kisubba,665,8945,2527,13009,582,7708,
Western,Bundibugyo,Mirambi,539,6994,1716,10481,330,6243,
Western,Bundibugyo,Nyahuka Town Council,623,8541,2177,13061,468,7527,
Western,Bundibugyo,Bundibugyo Total,8668,116833,32924,173938,7462,101846,
Western,Bushenyi,Central Divison,720,6498,1257,13538,174,6269,
Western,Bushenyi,Ishaka Divison,621,5145,805,12576,115,4880,
Western,Bushenyi,Nyakabirizi Division,380,3239,749,6477,100,3131,
Western,Bushenyi,Bitooma,487,7118,1218,11277,299,6420,
Western,Bushenyi,Bumbaire,697,6425,1595,12008,199,6330,
Western,Bushenyi,Ibaare,581,5340,848,9952,103,5203,
Western,Bushenyi,Kakanju,896,11608,2416,19102,392,10853,
Western,Bushenyi,Kyabugimbi,844,9211,2871,15220,526,8497,
Western,Bushenyi,Kyamuhunga,1657,16717,3387,30293,674,15726,
Western,Bushenyi,Kyeizooba,1352,11550,3345,21657,481,11111,
Western,Bushenyi,Nyabubare,1548,17174,2639,30782,479,16318,
Western,Bushenyi,Ruhumuro,500,7150,2400,10142,656,6105,
Western,Bushenyi,Bushenyi Total,10283,107175,23530,193024,4198,100843,
Western,Hoima,Buhanika,542,6803,1648,11328,367,6008,
Western,Hoima,Buseruka,1538,20132,5067,32697,1328,17099,
Western,Hoima,Kigorobya,2577,35734,10126,51540,2847,30055,
Western,Hoima,Kigorobya Town Council,274,2758,793,4401,182,2435,
Western,Hoima,Kitoba,1314,17505,4466,27704,1012,15303,
Western,Hoima,Kyabigambire,1441,20537,4531,33286,980,18098,
Western,Hoima,Bugambe,995,15067,2517,25328,751,13196,
Western,Hoima,Buhimba,1288,20283,3541,32678,937,17794,
Western,Hoima,Kabwoya,2506,34098,7147,53767,1717,29168,
Western,Hoima,Kiziranfumbi,1212,18331,3376,28905,777,16141,
Western,Hoima,Kyangwali,4770,49158,12234,74259,2594,43139,
Western,Hoima,Bujumbura Division,932,10032,2084,18313,471,9133,
Western,Hoima,Busiisi Division,616,9095,2199,15522,534,7847,
Western,Hoima,Kahoora Divison,1102,13799,2177,28692,488,12130,
Western,Hoima,Mparo Divison,818,10395,4169,16574,1476,8246,
Western,Hoima,Hoima Total,21925,283727,66075,454994,16461,245792,
Western,Ibanda,Bisheshe,1102,12160,3048,19871,517,11179,
Western,Ibanda,Ibanda Town Council,1366,12601,2926,26060,477,11733,
Western,Ibanda,Igorora Town Council,335,2606,632,4778,111,2492,
Western,Ibanda,Ishongororo,711,7540,1725,12082,312,7048,
Western,Ibanda,Ishongororo Town Council,1087,10449,2459,17648,471,9671,
Western,Ibanda,Kashangura,765,8542,1904,14423,311,8063,
Western,Ibanda,Keihangara,563,5718,1377,9503,217,5443,
Western,Ibanda,Kicuzi,678,8716,2043,13184,327,7795,
Western,Ibanda,Kijongo,530,5450,1164,8858,181,5168,
Western,Ibanda,Kikyenkye,770,7156,1406,12592,204,6865,
Western,Ibanda,Nsasi,426,4015,1007,6707,176,3812,
Western,Ibanda,Nyabuhikye,778,9000,1274,16382,164,8629,
Western,Ibanda,Nyamarebe,870,11158,1738,18707,347,10249,
Western,Ibanda,Rukiri,940,11764,2784,20060,441,10946,
Western,Ibanda,Rushango Town Council,208,1930,705,2922,140,1722,
Western,Ibanda,Ibanda Total,11129,118805,26192,203777,4396,110815,
Western,Isingiro,Endiinzi,901,12107,1395,20767,273,10874,
Western,Isingiro,Kashumba,851,11383,2513,17939,572,10140,
Western,Isingiro,Mbaare,1322,17360,3023,27703,615,15490,
Western,Isingiro,Ngarama,1423,17927,3521,29057,665,16756,
Western,Isingiro,Rugaaga,1209,17138,2821,27597,593,15285,
Western,Isingiro,Rushasha,434,7049,1652,10270,275,6083,
Western,Isingiro,Nakivale Refugee Camp,4033,28468,8968,42867,2091,26386,
Western,Isingiro,Birere,789,10238,1968,17797,335,9378,
Western,Isingiro,Isingiro Town Council,1150,13537,3286,22061,911,11878,
Western,Isingiro,Kaberebere Town Council,279,2694,296,5358,29,2464,
Western,Isingiro,Kabingo,842,10899,2272,18089,411,9874,
Western,Isingiro,Kabuyanda,962,11108,3278,16458,873,9782,
Western,Isingiro,Kabuyanda Town Council,775,7929,2951,12243,668,7033,
Western,Isingiro,Kikagate,2129,27166,4797,42260,1051,24955,
Western,Isingiro,Masha,1160,12567,3030,21254,632,11359,
Western,Isingiro,Nyakitunda,1872,22400,4632,33766,991,20278,
Western,Isingiro,Nyamuyanja,655,8198,1098,13513,210,7606,
Western,Isingiro,Ruborogota,706,8830,1380,15056,290,8148,
Western,Isingiro,Oruchinga Refugee Camp,362,1501,435,2528,89,1547,
Western,Isingiro,Isingiro Total,21854,248499,53316,396583,11574,225316,
Western,Kabale,Central Division,520,4773,823,11455,129,4312,
Western,Kabale,Northern Division,559,4648,1889,9335,509,3941,
Western,Kabale,Southern Division,729,6492,1724,13861,274,6012,
Western,Kabale,Buhara,1270,12207,3463,20507,527,11359,
Western,Kabale,Butanda,795,9274,2872,13978,598,8190,
Western,Kabale,Kaharo,922,8729,3833,14487,672,7924,
Western,Kabale,Kamuganguzi,977,10027,2996,16320,567,9118,
Western,Kabale,Katuna Town Council,531,4214,1069,7825,160,4076,
Western,Kabale,Kitumba,1007,8474,2105,15393,378,8082,
Western,Kabale,Kyanamira,996,8806,3149,15644,500,8268,
Western,Kabale,Maziba,866,9947,3804,15976,737,8827,
Western,Kabale,Rubaya,1228,13837,3768,21973,688,12648,
Western,Kabale,Bubaare,1670,15772,3372,28434,486,15119,
Western,Kabale,Bufundi,1174,12699,3907,20090,749,11604,
Western,Kabale,Hamurwa,1168,13795,4499,20465,1170,11828,
Western,Kabale,Hamurwa Town Council,256,2370,907,3811,181,2136,
Western,Kabale,Ikumba,1303,15784,3589,25003,624,14105,
Western,Kabale,Muko,1772,23143,7753,35694,1505,20321,
Western,Kabale,Nyamweru,785,8980,2528,13634,461,8117,
Western,Kabale,Ruhija,418,5521,1163,8082,270,4762,
Western,Kabale,Bukinda,428,4477,2564,6775,675,3711,
Western,Kabale,Kamwezi,1175,12459,3016,21820,519,11452,
Western,Kabale,Kashambya,1179,12627,4343,19811,673,11509,
Western,Kabale,Muhanga Town Council,590,4674,1378,9266,158,4460,
Western,Kabale,Rwamucucu,1196,12385,2937,21998,376,11773,
Western,Kabale,Kabale Total,23514,246114,73451,411637,13586,223654,
Western,Kabarole,Eastern Division,980,7082,1901,15299,272,6746,
Western,Kabarole,Southern Division,720,5296,1236,12881,205,4978,
Western,Kabarole,Western Division,810,6789,1427,14870,240,6292,
Western,Kabarole,Buheesi,2006,18016,4224,29383,839,16735,
Western,Kabarole,Kabonero,832,10604,2423,15461,493,9476,
Western,Kabarole,Katebwa,592,12143,2632,16504,474,10657,
Western,Kabarole,Kibiito,962,9336,2466,15016,373,8668,
Western,Kabarole,Kibiito Town Council,780,5987,1681,10139,287,5697,
Western,Kabarole,Kisomoro,1539,11283,2409,19460,364,10923,
Western,Kabarole,Rubona Town Council,304,2554,670,4577,150,2370,
Western,Kabarole,Rwimi,913,8303,1242,14700,173,7968,
Western,Kabarole,Rwimi Town Council,693,7401,1418,12901,263,6739,
Western,Kabarole,Bukuuku,573,5308,1124,9234,180,5033,
Western,Kabarole,Busoro,1576,11177,2861,21443,410,10787,
Western,Kabarole,Hakibaale,2064,17200,4370,29475,677,16078,
Western,Kabarole,Karago Town Council,570,4403,995,7961,204,4184,
Western,Kabarole,Karambi,1506,11042,3024,21294,486,10591,
Western,Kabarole,Karangura,427,6947,1159,10269,291,6176,
Western,Kabarole,Kasenda,1326,12177,3455,18945,649,11183,
Western,Kabarole,Kicwamba,1816,17212,4611,28143,962,15821,
Western,Kabarole,Kiko Town Council,671,5176,1806,9461,292,4875,
Western,Kabarole,Kijura Town Council,494,4760,1117,8911,182,4380,
Western,Kabarole,Mugusu,1343,11576,2996,19183,564,10854,
Western,Kabarole,Ruteete,948,8555,2016,14776,319,8017,
Western,Kabarole,Kabarole Total,24445,220327,53263,380286,9349,205228,
Western,Kamwenge,Biguli,1337,17371,4066,27496,932,15236,
Western,Kamwenge,Busiriba,1501,14298,3583,22167,759,12946,
Western,Kamwenge,Bwizi,1295,15318,2567,23857,610,13673,
Western,Kamwenge,Kabambiro,851,8010,2235,11934,478,7095,
Western,Kamwenge,Kahunge,1789,18472,3717,29773,927,16728,
Western,Kamwenge,Kamwenge,1182,11068,2707,17588,493,10119,
Western,Kamwenge,Kamwenge Town council,858,8450,1837,15263,348,7687,
Western,Kamwenge,Bihanga,718,7193,1515,11755,349,6556,
Western,Kamwenge,Nkoma,1367,16383,2696,26458,533,14545,
Western,Kamwenge,Rwamwanja Refugee Camp,2279,21872,5384,30518,1270,18735,
Western,Kamwenge,Buhanda,1045,12533,2937,19459,577,11414,
Western,Kamwenge,Kanara,688,7105,935,11635,227,6501,
Western,Kamwenge,Kicheche,1110,12571,2539,22211,486,11711,
Western,Kamwenge,Mahyoro,1353,14289,3922,22976,679,12881,
Western,Kamwenge,Ntara,1218,15087,2953,23645,545,13829,
Western,Kamwenge,Nyabbani,1065,11280,2083,18568,362,10683,
Western,Kamwenge,Kamwenge Total,19656,211300,45676,335303,9575,190339,
Western,Kanungu,Butogota Town Council,481,4914,500,9132,109,4657,
Western,Kanungu,Inyanga,1262,10480,3136,17701,566,10032,
Western,Kanungu,Kambuga,413,2339,493,4939,46,2438,
Western,Kanungu,Kambuga Town Council,650,6616,2259,11434,324,6194,
Western,Kanungu,Kanungu Town Council,953,9308,2307,15409,353,8714,
Western,Kanungu,Kanyantorogo,361,3455,892,5809,169,3228,
Western,Kanungu,Katete,1192,13982,3088,22566,544,12916,
Western,Kanungu,Kayonza,840,9005,3219,13474,825,7850,
Western,Kanungu,Kihihi,1082,8980,1637,16693,347,8525,
Western,Kanungu,Kihiihi Town Council,304,4524,829,7013,143,4049,
Western,Kanungu,Kinaaba,867,8363,1626,14902,306,8002,
Western,Kanungu,Kirima,486,6678,1534,9402,246,5921,
Western,Kanungu,Mpungu,504,4133,1188,7035,229,3888,
Western,Kanungu,Nyakinoni,870,9316,2002,15508,343,8614,
Western,Kanungu,Nyamirama,392,3631,1191,5763,236,3319,
Western,Kanungu,Rugyeyo,1206,9814,2017,17567,303,9584,
Western,Kanungu,Rutenga,618,6969,1413,11232,205,6449,
Western,Kanungu,Kanungu Total,12481,122507,29331,205579,5294,114380,
Western,Kasese,Bulembia Division,377,6923,957,11155,172,6163,
Western,Kasese,Central Division,887,14631,1692,26790,383,12958,
Western,Kasese,Nyamwamba Division,1894,25722,4269,47144,854,22792,
Western,Kasese,Bwera,411,9575,1690,14554,381,8340,
Western,Kasese,Ihandiro,272,7439,1395,10781,225,6401,
Western,Kasese,Isango,261,4344,884,6694,214,3795,
Western,Kasese,Karambi,706,13708,2287,21671,534,12082,
Western,Kasese,Kisinga,962,20161,3697,33663,844,18042,
Western,Kasese,Kitholhu,437,9409,1384,14219,244,8348,
Western,Kasese,Kyarumba,839,24090,2702,36030,646,21025,
Western,Kasese,Kyondo,487,13707,2035,20126,601,11794,
Western,Kasese,Mahango,438,11553,1199,17064,274,10114,
Western,Kasese,Mpondwe-Lhubiriha,1479,25278,5322,41760,1587,21843,
Western,Kasese,Munkunyu,821,17813,3266,28012,675,15643,
Western,Kasese,Nyakatonzi,170,2590,305,4428,19,2477,
Western,Kasese,Nyakiyumbu,811,16529,2705,25477,612,14421,
Western,Kasese,Bugoye,1058,19365,2632,30115,535,17213,
Western,Kasese,Buhuhira,434,10721,1733,15111,284,9432,
Western,Kasese,Bwesumbu,533,12807,1619,17618,363,11096,
Western,Kasese,Hima Town Council,444,6022,1405,10708,369,5291,
Western,Kasese,Karusandara,478,5968,1247,9760,270,5251,
Western,Kasese,Katwe Kabatoro Town Council,258,2678,644,5170,104,2462,
Western,Kasese,Kilembe,330,7631,675,11528,142,6722,
Western,Kasese,Kitswamba,947,14950,3033,24315,384,13640,
Western,Kasese,Kyabarungira,420,9283,1189,14070,207,8410,
Western,Kasese,Lake Katwe,525,9617,1361,16687,211,8555,
Western,Kasese,Maliba,1245,25805,5006,37518,1500,22243,
Western,Kasese,Muhokya,548,10278,1776,15920,309,9006,
Western,Kasese,Rukoki,277,8318,922,11962,175,7306,
Western,Kasese,Kasese Total,18749,366915,59031,580050,13118,322865,
Western,Kibaale,Birembo,1079,14177,2635,22292,587,12332,
Western,Kibaale,Bwanswa,668,8473,2425,12594,562,7219,
Western,Kibaale,Kakindo,2222,30832,5668,47511,1324,26345,
Western,Kibaale,Kakumiro  Town Council,409,4687,1132,7798,225,4136,
Western,Kibaale,Kasambya,1315,16638,4046,24512,1016,14197,
Western,Kibaale,Kisiita,2346,30944,5469,47617,1269,27086,
Western,Kibaale,Mpasaana,962,12186,1747,19209,379,10737,
Western,Kibaale,Nalweyo,1279,16812,3241,26322,852,14388,
Western,Kibaale,Nkooko,1277,18538,3407,28120,756,15989,
Western,Kibaale,Burora,552,7315,1804,10063,453,6187,
Western,Kibaale,Bwikara,2394,22063,4381,33891,978,20132,
Western,Kibaale,Kabamba,761,9229,2176,13532,561,7959,
Western,Kibaale,Kagadi,644,7174,1970,9923,550,6086,
Western,Kibaale,Kagadi  Town Council,1027,11052,2047,18933,448,10001,
Western,Kibaale,Kiryanga,856,12776,3163,18780,938,10413,
Western,Kibaale,Kyakabadiima,382,5438,1125,7513,316,4644,
Western,Kibaale,Kyanaisoke,647,8096,1927,12024,476,7015,
Western,Kibaale,Kyaterekera,1055,13420,2472,19619,570,11790,
Western,Kibaale,Kyenzige,798,8607,1342,13328,334,7752,
Western,Kibaale,Mabaale,1104,13388,2270,20715,501,11980,
Western,Kibaale,Mpeefu,1797,21066,2640,32726,554,18909,
Western,Kibaale,Muhorro,812,7799,1731,11486,424,6909,
Western,Kibaale,Muhorro  Town Council,1089,11748,1820,18749,341,10708,
Western,Kibaale,Ndaiga,410,3741,1029,6867,190,3341,
Western,Kibaale,Paacwa,723,8554,1400,13240,377,7585,
Western,Kibaale,Rugashari,821,8482,3217,11269,1088,6965,
Western,Kibaale,Ruteete,566,6192,1281,9602,211,5615,
Western,Kibaale,Bubango,674,10022,1902,14266,464,8588,
Western,Kibaale,Bwamiramira,816,9775,724,15795,207,8803,
Western,Kibaale,Kibaale Town Council,256,3008,639,5195,147,2637,
Western,Kibaale,Kyebando,820,12687,3051,18068,872,10424,
Western,Kibaale,Matale,643,9775,2187,14025,586,8311,
Western,Kibaale,Mugarama,490,6308,1100,9742,259,5533,
Western,Kibaale,Nyamarunda,899,13212,2056,20504,493,11387,
Western,Kibaale,Nyamarwa,685,10936,2568,15537,759,9014,
Western,Kibaale,Kibaale Total,33278,415150,81792,631367,20067,361117,
Western,Kiruhura,Buremba,923,10590,2325,17210,460,9682,
Western,Kiruhura,Burunga,1030,11185,4012,18099,669,9891,
Western,Kiruhura,Engari,1180,12280,4088,19147,764,11037,
Western,Kiruhura,Kanoni,857,8262,2327,13402,406,7638,
Western,Kiruhura,Kazo,1275,14501,3434,23609,525,13475,
Western,Kiruhura,Kazo Town Council,681,5710,1452,10487,239,5375,
Western,Kiruhura,Nkungu,1116,12999,4026,19096,790,11472,
Western,Kiruhura,Rwemikoma,993,11243,2952,18771,497,10192,
Western,Kiruhura,Kanyaryeru,326,3515,1062,5856,124,3205,
Western,Kiruhura,Kashongi,1258,12166,3335,20061,646,11160,
Western,Kiruhura,Kenshunga,1024,10461,3573,19454,575,9193,
Western,Kiruhura,Kikaatsi,697,8653,3028,14422,580,7438,
Western,Kiruhura,Kinoni,877,9445,2229,16972,352,8624,
Western,Kiruhura,Kiruhura Town Council,221,2443,721,4199,141,2166,
Western,Kiruhura,Kitura,868,7609,1543,12918,321,7147,
Western,Kiruhura,Nyakashashara,731,6651,2780,12128,417,5924,
Western,Kiruhura,Sanga,304,3242,853,5727,112,3003,
Western,Kiruhura,Sanga Town Council,356,4041,840,7447,145,3588,
Western,Kiruhura,Kiruhura Total,14717,154996,44580,259005,7763,140210,
Western,Kiryandongo,Bweyale Town Council,1806,15784,2698,25818,848,14540,
Western,Kiryandongo,Kigumba,1789,24336,6149,34270,1874,20730,
Western,Kiryandongo,Kigumba Town Council,864,8991,2224,14662,638,7983,
Western,Kiryandongo,Kiryandongo,2929,43583,8002,65740,2482,37633,
Western,Kiryandongo,Kiryandongo Refugee Camp,1652,7190,1862,10829,574,7252,
Western,Kiryandongo,Kiryandongo Town Council,265,2537,842,4332,247,2173,
Western,Kiryandongo,Masindi Port,419,4477,959,7282,273,3989,
Western,Kiryandongo,Mutunda,2591,32791,8712,48708,2450,27810,
Western,Kiryandongo,Kiryandongo Total,12315,139689,31448,211641,9386,122110,
Western,Kisoro,Central Division,241,1997,358,4198,48,1830,
Western,Kisoro,Northern Division,258,2413,670,4377,137,2239,
Western,Kisoro,Southern Division,228,2666,677,4582,102,2450,
Western,Kisoro,Bukimbiri,579,8092,2061,12250,387,7224,
Western,Kisoro,Busanza,867,9201,2805,13689,526,8218,
Western,Kisoro,Chahi,872,9917,1890,15547,206,9250,
Western,Kisoro,Kanaba,571,8805,1243,13701,167,8046,
Western,Kisoro,Kirundo,877,10459,2253,16110,559,9266,
Western,Kisoro,Muramba,1655,19188,3773,29727,607,17533,
Western,Kisoro,Murora,649,10496,2494,15218,405,9258,
Western,Kisoro,Nyabwishenya,685,8590,1621,12242,252,7828,
Western,Kisoro,Nyakabande,1064,11999,4447,18266,1034,10592,
Western,Kisoro,Nyakinama,833,10292,2467,15887,257,9546,
Western,Kisoro,Nyarubuye,785,9775,1678,15826,201,8954,
Western,Kisoro,Nyarusiza,1196,16436,2729,25267,373,15100,
Western,Kisoro,Nyundo,359,7219,972,11212,106,6496,
Western,Kisoro,Kisoro Total,11719,147545,32138,228099,5367,133830,
Western,Kyegegwa,Hapuuyo,1934,23990,4910,36304,1160,20969,
Western,Kyegegwa,Kabweza Kyegegwa,1184,12958,3746,19475,953,11201,
Western,Kyegegwa,Kakabara,2159,25297,4770,39515,1188,22143,
Western,Kyegegwa,Kasule,995,12715,3052,18737,637,11037,
Western,Kyegegwa,Kyegegwa Town Council,903,8843,1821,15023,406,7904,
Western,Kyegegwa,Mpara,1546,20046,4736,30332,1182,17383,
Western,Kyegegwa,Ruyonza,976,14292,3883,22040,931,12111,
Western,Kyegegwa,Rwentuha,1518,18864,3582,29769,740,16696,
Western,Kyegegwa,Kyaka  Ii  Refugee Camp,1567,8652,2694,13252,622,8114,
Western,Kyegegwa,Kyegegwa Total,12782,145657,33194,224447,7819,127558,
Western,Kyenjojo,Bufunjo,2364,26805,3892,41728,824,23990,
Western,Kyenjojo,Bugaaki,1908,14031,4196,25325,630,13281,
Western,Kyenjojo,Butiiti,1163,8879,1733,15535,295,8558,
Western,Kyenjojo,Butunduzi,569,6722,1650,9885,352,5886,
Western,Kyenjojo,Butunduzi Town Council,594,7425,1187,11821,202,6714,
Western,Kyenjojo,Katooke,1992,18475,4127,28342,712,16947,
Western,Kyenjojo,Katooke Town Council,766,7315,1795,11698,314,6666,
Western,Kyenjojo,Kigaraale,1041,12826,1829,20199,428,11525,
Western,Kyenjojo,Kihuura,1340,15052,3084,23776,665,13465,
Western,Kyenjojo,Kisojo,1263,11245,2163,18139,479,10266,
Western,Kyenjojo,Kyarusozi,2873,30154,7875,45033,1851,26473,
Western,Kyenjojo,Kyarusozi  Town Council,585,5754,1338,10895,256,5222,
Western,Kyenjojo,Kyenjojo Town Council,1322,10314,1971,19485,373,9806,
Western,Kyenjojo,Nyabuharwa,1326,12726,2250,20728,479,11826,
Western,Kyenjojo,Nyankwanzi,1499,14404,4183,20807,1190,12477,
Western,Kyenjojo,Nyantungo,1318,12269,2212,20134,599,11196,
Western,Kyenjojo,Kyenjojo Total,21923,214396,45485,343530,9649,194298,
Western,Masindi,Kigulya Division,465,6262,885,10806,211,5638,
Western,Masindi,Karujubu Division,925,11347,3706,17708,929,9731,
Western,Masindi,Nyangahya Division,534,6261,1324,10880,306,5680,
Western,Masindi,Central Division,1622,17069,3313,32111,776,15394,
Western,Masindi,Budongo,1916,26325,7422,40394,1867,22512,
Western,Masindi,Bwijanga,1985,25681,6337,41730,1470,22590,
Western,Masindi,Kimengo,499,6177,1776,10628,432,5308,
Western,Masindi,Miirya,745,10077,2946,15795,675,8684,
Western,Masindi,Pakanyi,2218,30685,8334,45508,2424,26016,
Western,Masindi,Masindi Total,10909,139884,36043,225560,9090,121553,
Western,Mbarara,Kakoba Division,1497,18487,2219,45303,420,16343,
Western,Mbarara,Kamukuzi Division,1136,11480,1460,29248,241,10571,
Western,Mbarara,Nyamitanga Division,734,8904,1193,19508,174,7934,
Western,Mbarara,Biharwe Division,937,10212,1575,18769,300,9458,
Western,Mbarara,Kakiika Division,843,9141,2057,17225,512,8046,
Western,Mbarara,Nyakayojo Division,1698,17078,3805,31313,616,15893,
Western,Mbarara,Bubaare,1150,10050,2009,19055,457,9513,
Western,Mbarara,Bukiro,674,7207,886,12785,150,6893,
Western,Mbarara,Kagongi,921,10054,2293,17123,345,9478,
Western,Mbarara,Kashare,1090,11160,3168,18062,649,10236,
Western,Mbarara,Rubaya,892,8586,2202,15027,463,8016,
Western,Mbarara,Rubindi,1000,11651,2431,19928,418,10738,
Western,Mbarara,Rwanyamahembe,1288,12203,2174,22950,436,11596,
Western,Mbarara,Bugamba,1471,17446,3463,29044,649,16132,
Western,Mbarara,Mwizi,1584,18381,3417,28593,666,16738,
Western,Mbarara,Ndeija,1518,14654,2779,26476,475,13856,
Western,Mbarara,Rugando,1322,12027,2358,22711,369,11556,
Western,Mbarara,Mbarara Total,19755,208721,39489,393120,7340,192997,
Western,Mitooma,Bitereko,1469,14173,4110,21896,1003,12840,
Western,Mitooma,Kabira,597,5501,1233,9115,221,5223,
Western,Mitooma,Kanyabwanga,956,9454,2888,14127,637,8440,
Western,Mitooma,Kashenshero,677,5973,2014,9257,413,5417,
Western,Mitooma,Kashenshero Town Council,293,2569,950,4339,173,2319,
Western,Mitooma,Katenga,825,8428,2081,14488,339,7994,
Western,Mitooma,Kiyanga,973,10413,2613,15828,619,9140,
Western,Mitooma,Mayanga,574,5798,1353,9133,312,5320,
Western,Mitooma,Mitooma,876,9244,2689,14748,484,8616,
Western,Mitooma,Mitooma Town Council,313,2406,609,4652,104,2304,
Western,Mitooma,Mutara,1140,11551,3470,18182,732,10566,
Western,Mitooma,Rurehe,662,6249,1396,9921,203,5920,
Western,Mitooma,Mitooma Total,9355,91759,25406,145686,5240,84099,
Western,Ntoroko,Butungama,456,5097,901,8016,146,4754,
Western,Ntoroko,Bweramule,237,3314,660,5184,108,3025,
Western,Ntoroko,Kanara,336,3729,1383,6046,259,3273,
Western,Ntoroko,Kanara Town Council,416,3348,1052,6204,270,2925,
Western,Ntoroko,Karugutu,169,3440,672,5078,161,2946,
Western,Ntoroko,Karugutu Town Council,443,5201,1071,8511,213,4643,
Western,Ntoroko,Kibuuku Town Council,114,1007,250,1777,43,940,
Western,Ntoroko,Nombe,334,4660,575,6919,107,4165,
Western,Ntoroko,Rwebisengo,238,2216,390,3882,29,2161,
Western,Ntoroko,Rwebisengo Town Council,152,1363,247,2672,28,1297,
Western,Ntoroko,Ntoroko Total,2895,33375,7201,54289,1364,30129,
Western,Ntungamo,Central Division,279,2885,529,5844,113,2657,
Western,Ntungamo,Eastern Division,236,2307,469,4808,75,2147,
Western,Ntungamo,Western Division,163,1889,338,3923,50,1667,
Western,Ntungamo,Bwongyera,1830,17880,3573,28794,566,17039,
Western,Ntungamo,Ihunga,1444,12765,2014,22386,361,12158,
Western,Ntungamo,Kibatsi,981,9762,1772,16388,293,9240,
Western,Ntungamo,Nyabihoko,1174,11145,2647,17970,475,10494,
Western,Ntungamo,Rwashamaire Town Council,369,3093,493,6013,85,2960,
Western,Ntungamo,Itojo,1061,10509,2169,18743,365,9879,
Western,Ntungamo,Kitwe Town Council,862,8977,1370,15103,380,8025,
Western,Ntungamo,Ntungamo,1524,15229,2623,26208,461,14259,
Western,Ntungamo,Nyakyera,1936,20181,4164,31541,1111,18292,
Western,Ntungamo,Ruhaama,2221,21993,5549,34001,1144,19929,
Western,Ntungamo,Rukoni East,1076,12242,2251,19698,506,11159,
Western,Ntungamo,Rukoni West,856,8659,1476,14149,234,8048,
Western,Ntungamo,Rweikiniro,1613,19217,2773,31076,533,17661,
Western,Ntungamo,Kayonza,1366,12918,3917,21761,749,11768,
Western,Ntungamo,Ngoma,1143,13389,2165,23249,356,12317,
Western,Ntungamo,Rubaare,1151,12283,2631,20694,576,11201,
Western,Ntungamo,Rubaare Town Council,525,5782,1429,10806,333,5180,
Western,Ntungamo,Rugarama,1395,15728,3424,25653,744,14306,
Western,Ntungamo,Ntungamo Total,23205,238833,47776,398808,9510,220386,
Western,Rubirizi,Katanda,951,10288,3434,13988,848,9011,
Western,Rubirizi,Katerera,521,5412,1520,8198,305,4871,
Western,Rubirizi,Katerera Town Council,472,4277,758,7540,147,3992,
Western,Rubirizi,Katunguru,156,1406,494,3043,43,1251,
Western,Rubirizi,Kichwamba,820,8324,1807,13751,275,7906,
Western,Rubirizi,Kirugu,491,5693,1439,9016,245,5205,
Western,Rubirizi,Kyabakara,658,6680,2247,9493,480,5862,
Western,Rubirizi,Magambo,545,5995,722,10124,193,5669,
Western,Rubirizi,Rubirizirz Town Council,420,3525,1121,6198,222,3311,
Western,Rubirizi,Rutoto,706,6802,1644,10758,263,6517,
Western,Rubirizi,Ryeru,661,7021,1713,10779,337,6596,
Western,Rubirizi,Rubirizi Total,6401,65423,16899,102888,3358,60191,
Western,Rukungiri,Buyanja,1966,16492,4621,29247,760,15734,
Western,Rukungiri,Kebisoni,1592,12101,2372,21895,400,11929,
Western,Rukungiri,Nyakishenyi,1880,17312,3440,28249,522,16380,
Western,Rukungiri,Nyarushanje,2098,21086,5171,36127,684,19866,
Western,Rukungiri,Bugangari,1489,14757,3429,24442,600,13721,
Western,Rukungiri,Buhunga,1312,10798,3527,17320,736,10133,
Western,Rukungiri,Bwambara,1512,14026,2463,23954,471,13023,
Western,Rukungiri,Nyakagyeme,1870,14750,3453,26499,495,14399,
Western,Rukungiri,Ruhinda,1451,12886,3309,20775,482,12257,
Western,Rukungiri,Eastern Divison,635,4940,1054,9692,166,4825,
Western,Rukungiri,Southern Division,472,3450,897,7177,224,3243,
Western,Rukungiri,Western Division,709,5667,1193,11533,230,5356,
Western,Rukungiri,Rukungiri Total,16986,148265,34929,256910,5770,140866,
Western,Sheema,Kashozi,592,6490,1372,11678,235,6057,
Western,Sheema,Bugongi Town Council,548,5345,1729,9099,449,4785,
Western,Sheema,Kabwohe Itendero T. C.,783,7790,1724,16111,279,7224,
Western,Sheema,Kagango,991,9094,2406,16207,406,8665,
Western,Sheema,Kasaana,689,8378,1895,14094,391,7772,
Western,Sheema,Kigarama,1012,9750,1823,17818,401,9194,
Western,Sheema,Rugarama,391,5013,791,8656,158,4732,
Western,Sheema,Kitagata,735,8418,2137,14743,375,7792,
Western,Sheema,Kyangyenyi,1458,14225,4466,24142,732,13344,
Western,Sheema,Masheruka,809,7305,1388,13859,230,6998,
Western,Sheema,Shuuku,492,5396,695,10112,106,5128,
Western,Sheema,Sheema Town Council,807,7091,1190,14044,199,6851,
Western,Sheema,Sheema Total,9307,94295,21616,170563,3961,88542,
Northern,Abim,Abim,1358,6055,2116,9493,790,5834,
Northern,Abim,Abim Town Council,1429,8310,2529,13515,968,7803,
Northern,Abim,Alerek,1655,8899,3026,13247,1216,8220,
Northern,Abim,Lotukei,2147,11242,4005,17441,1588,10514,
Northern,Abim,Morulem,1632,11915,3710,17271,1267,10695,
Northern,Abim,Nyakwae,1047,8057,1633,12200,575,7466,
Northern,Abim,Abim Total,9268,54478,17019,83167,6404,50532,
Northern,Adjumani,Adjumani Town Council,2467,16398,1827,31168,508,16325,
Northern,Adjumani,Adropi,667,5984,1269,9244,385,5351,
Northern,Adjumani,Arinyapi,917,5761,1824,8920,615,5140,
Northern,Adjumani,Ciforo,809,7302,1733,11578,519,6481,
Northern,Adjumani,Dzaipi,3865,22378,4173,34139,1138,21333,
Northern,Adjumani,Itirikwa,1315,9202,2174,13393,716,8312,
Northern,Adjumani,Ofua,1068,7372,1543,11314,512,6781,
Northern,Adjumani,Ukusijoni,655,6196,1417,8933,491,5421,
Northern,Adjumani,Pacara,1494,8391,1560,14271,478,8333,
Northern,Adjumani,Pakele,5037,26122,3434,41720,1001,25998,
Northern,Adjumani,Adjumani Total,18294,115106,20954,184680,6363,109475,
Northern,Agago,Adilang,1508,10711,15169,3505,9500,1172,
Northern,Agago,Agago Town Council,408,3141,4910,532,2852,179,
Northern,Agago,Arum,821,6369,8915,1896,5649,587,
Northern,Agago,Kalongo Town Council,846,5143,8931,1232,5031,283,
Northern,Agago,Kotomol,862,6397,9783,1916,5890,568,
Northern,Agago,Lamiyo,556,4513,6316,1523,3983,446,
Northern,Agago,Lapono,1377,12054,17242,3067,10684,1006,
Northern,Agago,Lira Palwo,1133,8733,12729,2330,7916,717,
Northern,Agago,Lokole,1114,8337,12007,2233,7488,662,
Northern,Agago,Omiya Pacwa,525,6417,8856,1703,5495,461,
Northern,Agago,Omot,1123,6877,9818,2495,6195,762,
Northern,Agago,Paimol,1470,10791,17074,2305,10125,613,
Northern,Agago,Parabongo,715,6201,8731,1843,5568,531,
Northern,Agago,Patongo,705,5896,8423,1746,5110,669,
Northern,Agago,Patongo Town Council,840,5534,8965,1500,5143,459,
Northern,Agago,Wol,1436,12471,17799,3673,10961,1130,
Northern,Agago,Agago Total,15439,119585,175668,33499,107590,10245,
Northern,Alebtong,Abako,1490,12412,4299,18290,1360,10847,
Northern,Alebtong,Abia,1447,12022,3593,18126,1272,10527,
Northern,Alebtong,Akura,1495,11761,4083,17528,1164,10565,
Northern,Alebtong,Alebtong Town Council,422,3183,1376,4739,488,2700,
Northern,Alebtong,Aloi,2048,15513,4516,24304,1296,14388,
Northern,Alebtong,Amugu,1738,14420,4224,21437,1199,12993,
Northern,Alebtong,Apala,1216,9858,3041,15312,1088,8728,
Northern,Alebtong,Awei,1763,14871,4063,22655,1279,13487,
Northern,Alebtong,Omoro,2466,22731,7330,32539,2413,19480,
Northern,Alebtong,Alebtong Total,14085,116771,36525,174930,11559,103715,
Northern,Amolatar,Agikdak,505,5730,2269,7881,706,4845,
Northern,Amolatar,Agwingiri,772,7711,3160,10844,1024,6475,
Northern,Amolatar,Akwon,364,4099,1507,5726,529,3484,
Northern,Amolatar,Amolatar Town Council,583,5345,1824,8321,510,4794,
Northern,Amolatar,Aputi,779,7878,2620,11269,744,6887,
Northern,Amolatar,Arwotcek,839,8796,3011,12530,690,7817,
Northern,Amolatar,Awelo,667,5956,2907,7892,985,4883,
Northern,Amolatar,Etam,777,7852,2544,11248,773,6972,
Northern,Amolatar,Muntu,678,7029,3132,9203,1010,5859,
Northern,Amolatar,Namasale,950,9759,3710,14921,1022,8388,
Northern,Amolatar,Namasale Town Council,568,4401,1839,7480,480,3790,
Northern,Amolatar,Amolatar Total,7482,74556,28523,107315,8473,64194,
Northern,Amudat,Amudat,778,15366,16144,2240,21435,786,13809
Northern,Amudat,Amudat Town Council,645,5996,6641,877,10195,219,5813
Northern,Amudat,Karita,769,17381,18150,1682,26088,539,15849
Northern,Amudat,Loroo,1146,19218,20364,1416,27020,439,18197
Northern,Amudat,Amudat Total,3338,57961,61299,6215,84738,1983,53668
Northern,Amuru,Amuru,2138,23420,6303,32376,2129,19900,
Northern,Amuru,Amuru Town Council,466,5261,1164,7337,390,4571,
Northern,Amuru,Attiak,2163,16315,4825,25965,1280,14923,
Northern,Amuru,Lamogi,2567,24806,5410,37708,1697,22601,
Northern,Amuru,Pabo,2946,30071,6820,43190,2053,26731,
Northern,Amuru,Amuru Total,10280,99873,24522,146576,7549,88726,
Northern,Apac,Abongomola,1568,18154,5628,26381,1610,15944,
Northern,Apac,Aduku,1695,14740,7306,20479,2322,12412,
Northern,Apac,Aduku Town Council,445,3287,1661,5186,485,2820,
Northern,Apac,Chawente,1766,17618,6920,24619,2429,14631,
Northern,Apac,Inomo,1487,15033,5235,22541,1691,12994,
Northern,Apac,Nambieso,2727,25580,9134,35660,3034,21841,
Northern,Apac,Akokoro,1982,20927,6498,32371,1771,18472,
Northern,Apac,Apac,3068,26823,10659,38573,3435,23125,
Northern,Apac,Apac Town Council,791,5898,1720,10959,411,5627,
Northern,Apac,Chegere,2163,17745,9834,23381,3371,14286,
Northern,Apac,Ibuje,2125,20898,9792,27684,3489,16909,
Northern,Apac,Apac Total,19817,186703,74387,267834,24048,159061,
Northern,Arua,Arua Hill   Division,994,7148,1754,13366,442,6927,
Northern,Arua,River Oli Division,2473,21411,2867,37324,858,20359,
Northern,Arua,Adumi,1428,16019,2460,25982,638,14522,
Northern,Arua,Aroi,1295,12063,2513,20324,493,11358,
Northern,Arua,Ayivuni,1155,11601,2204,18837,504,10634,
Northern,Arua,Dadamu,2349,20322,3604,34903,880,19309,
Northern,Arua,Manibe,1529,14604,3050,24216,671,13476,
Northern,Arua,Oluko,1815,18849,3998,31793,844,17419,
Northern,Arua,Pajulu,3123,30101,4429,51325,1190,28010,
Northern,Arua,Anyiribu,304,3944,1826,5537,485,3227,
Northern,Arua,Ewanga,256,4625,1123,6549,298,3945,
Northern,Arua,Offaka,770,9721,2936,14797,575,8491,
Northern,Arua,Ogoko,594,9055,1656,15747,314,8093,
Northern,Arua,Okollo,654,8887,4860,11690,1289,7009,
Northern,Arua,Pawor,370,5232,1591,7251,398,4277,
Northern,Arua,Rhino Camp,972,12011,2553,19442,515,10830,
Northern,Arua,Rigbo,959,13502,3175,20846,599,12003,
Northern,Arua,Uleppi,371,4429,1467,6684,413,3757,
Northern,Arua,Aii-Vu,1975,20415,4286,32997,1064,18430,
Northern,Arua,Bileafe,1027,10903,2608,17158,527,9840,
Northern,Arua,Katrini,1468,16462,3578,25995,758,14960,
Northern,Arua,Omugo,1928,22396,5343,34921,1403,19719,
Northern,Arua,Odupi,1611,19930,3233,32567,802,17901,
Northern,Arua,Uriama,1150,11895,3129,18450,816,10394,
Northern,Arua,Ajia,991,13871,1953,23330,477,12413,
Northern,Arua,Arivu,1108,11877,2924,18711,650,10642,
Northern,Arua,Logiri,1753,19573,4983,29583,1245,17365,
Northern,Arua,Vurra,2092,21835,4005,37137,763,20464,
Northern,Arua,Arua Total,36514,392681,84108,637462,19911,355774,
Northern,Dokolo,Adeknino,866,8706,4085,10861,1239,7185,
Northern,Dokolo,Adok,971,9406,2361,14344,624,8548,
Northern,Dokolo,Agwata,1237,10763,2861,16756,758,9902,
Northern,Dokolo,Amwoma,771,7481,2004,11577,483,6828,
Northern,Dokolo,Batta,959,9618,2983,14318,884,8533,
Northern,Dokolo,Dokolo,894,8344,2891,11801,908,7179,
Northern,Dokolo,Dokolo Town Council,1198,9694,3001,15544,841,8779,
Northern,Dokolo,Kangai,917,9024,3751,12071,1213,7568,
Northern,Dokolo,Kwera,681,7025,2151,10291,619,6200,
Northern,Dokolo,Okwalongwen,739,7497,2559,10901,651,6596,
Northern,Dokolo,Okwongodul,623,7230,2059,10574,621,6346,
Northern,Dokolo,Dokolo Total,9856,94788,30706,139038,8841,83664,
Northern,Gulu,Bar Dege Division,2346,15787,30138,3364,15315,864,
Northern,Gulu,Laroo Division,1685,10318,22237,2264,10073,522,
Northern,Gulu,Layibi Division,2184,15315,30469,3153,14655,802,
Northern,Gulu,Pece Division,3199,18599,37918,3784,18106,1021,
Northern,Gulu,Awach,1368,9927,14448,3080,9005,944,
Northern,Gulu,Bungatira,2223,16159,27057,3701,15315,1001,
Northern,Gulu,Paicho,1717,12826,20551,2070,12052,672,
Northern,Gulu,Palaro,846,6941,10439,1726,6370,473,
Northern,Gulu,Patiko,917,10133,14368,2636,8981,721,
Northern,Gulu,Unyama,1111,8510,13553,2278,7811,648,
Northern,Gulu,Bobi,1823,14672,22450,4502,13181,1354,
Northern,Gulu,Koro,1854,13563,21260,4343,12477,1178,
Northern,Gulu,Lakwana,982,9959,15284,2247,9088,623,
Northern,Gulu,Lalogi,1694,15545,23321,4207,13939,1200,
Northern,Gulu,Odek,1924,16304,24593,4641,14708,1432,
Northern,Gulu,Ongako,1668,11203,17800,3811,10343,1027,
Northern,Gulu,Gulu Total,27541,205761,345886,51807,191419,14482,
Northern,Kaabong,Kaabong East,856,4473,672,8459,169,4801,
Northern,Kaabong,Kaabong Town Council,965,4854,1428,9195,368,4761,
Northern,Kaabong,Kaabong West,1027,6079,1694,10882,380,6138,
Northern,Kaabong,Kalapata,1484,12260,1597,21301,274,12476,
Northern,Kaabong,Kamion,314,3005,915,4883,263,2750,
Northern,Kaabong,Kapedo,890,7178,1645,12089,292,6960,
Northern,Kaabong,Kathile,1233,10133,1737,17708,458,9835,
Northern,Kaabong,Kawalakol,741,7790,972,12164,167,7347,
Northern,Kaabong,Lobalangit,393,4058,637,6473,158,3743,
Northern,Kaabong,Lodiko,656,3017,778,5273,224,3138,
Northern,Kaabong,Lolelia,496,3871,921,6339,182,3753,
Northern,Kaabong,Loyoro,284,1645,411,2929,78,1693,
Northern,Kaabong,Napore Karenga,842,7435,1746,11879,471,6936,
Northern,Kaabong,Sidok,957,5912,1908,10400,371,5838,
Northern,Kaabong,Kaabong Total,11138,81710,17061,139974,3855,80169,
Northern,Kitgum,Central Division,1576,12695,21134,3353,11728,745,
Northern,Kitgum,Pager Division,2225,16746,27299,5164,15277,1408,
Northern,Kitgum,Labongo Akwang,2289,16409,28196,4228,15339,1095,
Northern,Kitgum,Labongo Amida,578,4264,6581,1194,3903,309,
Northern,Kitgum,Labongo Layamo,150,1556,2239,442,1407,100,
Northern,Kitgum,Lagoro,611,6259,9230,1610,5576,477,
Northern,Kitgum,Mucwini,1463,10617,16089,3604,9568,1056,
Northern,Kitgum,Namokora,838,7383,11590,1604,6887,390,
Northern,Kitgum,Omiya Anyima,1283,11136,16254,3286,10042,920,
Northern,Kitgum,Orom,1585,14915,21578,4087,13367,1121,
Northern,Kitgum,Kitgum Total,12598,101980,160190,28572,93094,7621,
Northern,Koboko,Northern Divison,991,10104,16041,1574,9359,679,
Northern,Koboko,Southern Division,92,1421,2201,332,1223,119,
Northern,Koboko,Western Division,1420,15289,24926,2272,14026,782,
Northern,Koboko,Abuku,555,8068,12021,1467,7164,407,
Northern,Koboko,Dranya,547,6812,10157,1849,6132,363,
Northern,Koboko,Kuluba,1394,21231,33913,3393,18659,842,
Northern,Koboko,Lobule,1459,18613,26585,4698,16628,1136,
Northern,Koboko,Ludara,1072,17347,24799,4245,14572,1258,
Northern,Koboko,Midia,1009,11441,17883,1930,10353,480,
Northern,Koboko,Koboko Total,8539,110326,168526,21760,98116,6066,
Northern,Kole,Aboke,2575,23439,8082,35352,2409,20632,
Northern,Kole,Akalo,1842,14337,4259,22581,1227,13085,
Northern,Kole,Alito,2120,20448,8150,27756,2328,17289,
Northern,Kole,Ayer,1855,18203,5317,27999,1586,16332,
Northern,Kole,Bala,2278,23738,6050,36321,1971,20916,
Northern,Kole,Kole Town Council,502,4250,1146,7068,339,3857,
Northern,Kole,Okwerodot,1710,18415,5831,25859,1820,15633,
Northern,Kole,Kole Total,12882,122830,38835,182936,11680,107744,
Northern,Kotido,Kacheri,1305,16213,1917,26152,544,15112,
Northern,Kotido,Kotido,1934,17119,1896,28473,431,16677,
Northern,Kotido,Kotido Town Council,893,6390,1088,11433,242,6165,
Northern,Kotido,Nakapelimoru,1020,11141,1666,17979,361,10364,
Northern,Kotido,Panyangara,2195,18619,2647,32226,630,18067,
Northern,Kotido,Rengen,1746,19448,2258,30885,640,18503,
Northern,Kotido,Kotido Total,9093,88930,11472,147148,2848,84888,
Northern,Lamwo,Agoro,961,10071,3636,13329,1118,8479,
Northern,Lamwo,Lamwo Town Council,460,4096,1169,6207,296,3732,
Northern,Lamwo,Palabek Gem,1024,7696,3977,9965,1353,6236,
Northern,Lamwo,Madi  Opei,708,6109,1853,9171,491,5537,
Northern,Lamwo,Padibe West,773,6570,1736,9812,501,5978,
Northern,Lamwo,Lokung,823,8875,2656,12626,863,7563,
Northern,Lamwo,Padibe East,501,4921,1215,7332,367,4358,
Northern,Lamwo,Palabek Kal,777,7425,2508,10907,619,6598,
Northern,Lamwo,Palabek Ogili,579,4811,1416,7368,405,4294,
Northern,Lamwo,Paloga,516,4857,858,7626,224,4496,
Northern,Lamwo,Padibe Town Council,560,4981,1577,7492,369,4586,
Northern,Lamwo,Lamwo Total,7682,70412,22601,101835,6606,61857,
Northern,Lira,Adyel Division,1943,12302,2531,25839,647,11928,
Northern,Lira,Central Division,1358,8664,2430,18565,579,8237,
Northern,Lira,Ojwina Division,2200,15135,3526,31254,901,14250,
Northern,Lira,Railway Division,453,2275,1068,4368,315,2076,
Northern,Lira,Adekokwok,2389,18171,6976,29606,2054,16242,
Northern,Lira,Agali,1290,12823,5164,17886,1481,10860,
Northern,Lira,Agweng,1662,14810,4907,21539,1611,12753,
Northern,Lira,Amach,2006,17588,6309,25995,1868,15553,
Northern,Lira,Aromo,1637,17167,5442,24208,1731,14545,
Northern,Lira,Barr,2711,21805,8650,32357,2459,19229,
Northern,Lira,Lira,2227,16752,4549,28153,1432,15376,
Northern,Lira,Ngetta,2022,15693,5831,24201,1772,13912,
Northern,Lira,Ogur,2005,18614,4322,28967,1363,16709,
Northern,Lira,Lira Total,23903,191799,61705,312938,18213,171670,
Northern,Maracha,Kijomoro,1401,15857,3653,24141,802,14305,
Northern,Maracha,Maracha Town Council,473,4813,1865,6712,561,4029,
Northern,Maracha,Nyadri,912,10067,3464,14374,702,8927,
Northern,Maracha,Oleba,1489,16750,3733,25807,784,15036,
Northern,Maracha,Oluffe,1106,12237,3254,18385,689,10818,
Northern,Maracha,Oluvu,1583,15388,3660,23607,846,13895,
Northern,Maracha,Tara,756,9013,2603,13072,765,7769,
Northern,Maracha,Yivu,1137,13207,3219,20238,705,11875,
Northern,Maracha,Maracha Total,8857,97332,25451,146336,5854,86654,
Northern,Moyo,Aliba,797,9396,1299,14048,364,8737,
Northern,Moyo,Gimara,526,7074,1418,10793,341,6272,
Northern,Moyo,Itula,789,6446,1148,11099,294,6095,
Northern,Moyo,Difule,919,5178,1156,8905,350,5107,
Northern,Moyo,Laropi,556,4693,885,8024,236,4389,
Northern,Moyo,Lefori,552,6565,1381,10145,435,5832,
Northern,Moyo,Metu,2213,12449,3971,22591,1116,12156,
Northern,Moyo,Moyo,1322,11577,2769,19736,679,10698,
Northern,Moyo,Moyo Town Council,704,4632,648,9058,183,4584,
Northern,Moyo,Moyo Total,8378,68010,14675,114399,3998,63870,
Northern,Nakapiripirit ,Loregae,1015,12278,1182,19657,297,11646,
Northern,Nakapiripirit ,Moruita,710,7282,1074,13266,267,7051,
Northern,Nakapiripirit ,Nakapiripirit Town Council,253,1649,168,3262,35,1609,
Northern,Nakapiripirit ,Namalu,1790,13423,2291,22972,674,12766,
Northern,Nakapiripirit ,Kakomongole,1067,8348,1198,13993,300,8127,
Northern,Nakapiripirit ,Lolachat,2082,17230,2470,27054,841,16873,
Northern,Nakapiripirit ,Lorengedwat,743,3216,652,5530,160,3341,
Northern,Nakapiripirit ,Nabilatuk,2599,13267,2633,21571,825,13674,
Northern,Nakapiripirit ,Nakapiripirit Total,10259,76693,11668,127305,3399,75087,
Northern,Napak,Iriiri,2897,22301,2772,36971,798,21846,
Northern,Napak,Lorengecora,583,5553,949,8392,233,5056,
Northern,Napak,Lotome,1057,5229,1647,8771,513,5129,
Northern,Napak,Matany,1250,10470,1231,19327,205,10238,
Northern,Napak,Napak Town Council,354,2340,308,4000,66,2249,
Northern,Napak,Ngoleriet,1410,8184,1259,14681,173,8517,
Northern,Napak,Lokopo,1076,11063,1414,18268,243,10476,
Northern,Napak,Lopeei,940,6897,894,11553,137,6948,
Northern,Napak,Napak Total,9567,72037,10474,121963,2368,70459,
Northern,Nebbi,Alwi,796,9547,3901,12773,1125,7649,
Northern,Nebbi,Pakwach,1315,10568,4376,14835,1341,8877,
Northern,Nebbi,Pakwach Town Council,1582,10837,6750,14746,2400,8782,
Northern,Nebbi,Panyango,1668,14749,2923,23074,790,13336,
Northern,Nebbi,Panyimur,2340,20735,6130,32326,1904,18005,
Northern,Nebbi,Wadelai,1071,12580,3300,18487,902,10820,
Northern,Nebbi,Akworo,1094,13570,3700,19526,1007,11588,
Northern,Nebbi,Atego,453,5299,2502,6616,749,4171,
Northern,Nebbi,Erussi,1835,18782,4144,28346,1186,16946,
Northern,Nebbi,Kucwiny,1553,16659,6839,22637,2192,13552,
Northern,Nebbi,Ndhew,929,11336,1736,17612,525,10084,
Northern,Nebbi,Nebbi,1194,12375,4060,18591,1118,10720,
Northern,Nebbi,Nebbi Town Council,2001,16513,4368,27996,1182,15091,
Northern,Nebbi,Nyaravur,993,10179,2893,15702,568,9174,
Northern,Nebbi,Parombo,1733,18384,3474,29077,1011,16551,
Northern,Nebbi,Nebbi Total,20557,202113,61096,302344,18000,175346,
Northern,Nwoya,Alero,2433,22131,6401,31635,1981,19181,
Northern,Nwoya,Anaka Payira,816,5789,2850,7420,1011,4712,
Northern,Nwoya,Koch-Goma,2206,18340,6963,25338,2321,15335,
Northern,Nwoya,Anaka Town Council,974,6638,2413,9938,839,5774,
Northern,Nwoya,Purongo,1764,15787,7781,20598,2762,12273,
Northern,Nwoya,Nwoya Total,8193,68685,26408,94929,8914,57275,
Northern,Otuke,Adwari,754,5109,2289,7145,731,4377,
Northern,Otuke,Alango,913,6081,3041,8378,1006,5124,
Northern,Otuke,Ogor,1064,7143,2250,11128,762,6437,
Northern,Otuke,Ogwette,942,7934,3164,10851,1049,6560,
Northern,Otuke,Okwang,1476,11300,4673,15627,1517,9616,
Northern,Otuke,Olilim,936,6855,3460,9133,1096,5693,
Northern,Otuke,Orum,745,4971,2464,6838,781,4213,
Northern,Otuke,Otuke Town Council,507,2802,820,4897,215,2707,
Northern,Otuke,Otuke Total,7337,52195,22161,73997,7157,44727,
Northern,Oyam,Aber,1699,17574,3960,27078,1106,15910,
Northern,Oyam,Abok,926,9213,3416,12852,1123,7747,
Northern,Oyam,Acaba,1460,14514,5449,20754,1764,12358,
Northern,Oyam,Aleka,1680,15462,5077,22376,1527,13514,
Northern,Oyam,Iceme,2719,24024,6727,36497,1986,21374,
Northern,Oyam,Kamdini,2258,20869,5584,31861,1566,18507,
Northern,Oyam,Loro,3015,27542,7875,42714,2378,24474,
Northern,Oyam,Minakulu,2048,19985,5872,29402,1906,17552,
Northern,Oyam,Myene,1375,14804,3461,21990,1089,12986,
Northern,Oyam,Ngai,1527,15024,5480,21442,1463,13089,
Northern,Oyam,Otwal,1396,13416,3451,20870,1059,12026,
Northern,Oyam,Oyam Town Council,591,5576,2322,8278,675,4743,
Northern,Oyam,Oyam Total,20694,198003,58674,296114,17642,174280,
Northern,Pader,Acholibur,1084,7069,2351,10760,687,6567,
Northern,Pader,Angagura,662,4515,1983,6400,648,3941,
Northern,Pader,Atanga,1050,7899,3335,10973,1059,6764,
Northern,Pader,Awere,1531,9888,3478,14537,1088,8994,
Northern,Pader,Laguti,1114,6846,3236,9229,994,5958,
Northern,Pader,Lapul,1240,9242,2712,14284,884,8391,
Northern,Pader,Latanya,1161,7878,2605,11454,779,7166,
Northern,Pader,Ogom,491,4315,1583,6230,546,3669,
Northern,Pader,Pader,674,4637,1521,7254,475,4169,
Northern,Pader,Pader Town Council,1021,6008,1814,10062,552,5683,
Northern,Pader,Pajule,1723,11563,4118,17118,1164,10720,
Northern,Pader,Puranga,1372,9829,2967,14505,983,8793,
Northern,Pader,Pader Total,13123,89689,31703,132806,9859,80815,
Northern,Yumbe,Apo,3453,23590,2753,35113,794,23905,
Northern,Yumbe,Ariwa,1196,13931,1808,20591,414,13200,
Northern,Yumbe,Drajini,2341,17379,4003,25129,1299,16329,
Northern,Yumbe,Kei,3435,26591,3570,38814,1140,25703,
Northern,Yumbe,Kerwa,1410,18442,2630,27749,764,17163,
Northern,Yumbe,Kochi,2907,23646,2907,35819,1047,22967,
Northern,Yumbe,Kululu,3271,19908,2561,31037,858,20106,
Northern,Yumbe,Kuru,2791,22969,2415,35315,1077,22352,
Northern,Yumbe,Lodonga,2735,17371,1510,28161,467,17851,
Northern,Yumbe,Midigo,3601,21674,1606,33067,578,22796,
Northern,Yumbe,Odravu,2431,23424,2464,36885,609,22539,
Northern,Yumbe,Romogi,4554,25125,2842,38849,1125,26617,
Northern,Yumbe,Yumbe Town Council,2327,19701,1840,30403,778,19159,
Northern,Yumbe,Yumbe Total,36452,273751,32909,416932,10950,270687,
Northern,Zombo,Abanga,834,9505,2668,13660,645,8424,
Northern,Zombo,Atyak,997,11963,3391,16957,763,10476,
Northern,Zombo,Jangokoro,1317,17107,4821,23993,1067,15049,
Northern,Zombo,Kango,1589,18780,4775,27380,892,16855,
Northern,Zombo,Nyapea,1021,11033,3720,15682,869,9541,
Northern,Zombo,Paidha,774,7955,2896,11292,788,6881,
Northern,Zombo,Paidha T.C*,1992,15332,4727,24357,1406,13868,
Northern,Zombo,Warr,893,9859,3800,13581,904,8523,
Northern,Zombo,Zeu,1788,18895,6010,26677,1615,16553,
Northern,Zombo,Zombo T.C,620,6399,1654,9493,465,5649,
Northern,Zombo,Zombo Total,11825,126828,38462,183072,9414,111819,
Central,Buikwe,Central Division,1557,15846,1914,31963,367,14935,
Central,Buikwe,Kawolo Division,1815,19727,3944,33418,664,18486,
Central,Buikwe,Najjembe Division,1369,15977,4409,25905,809,14678,
Central,Buikwe,Buikwe,866,9638,2618,14234,495,8898,
Central,Buikwe,Buikwe Town Council,823,8456,1420,13913,277,7983,
Central,Buikwe,Najja,2122,22967,4647,35954,977,21015,
Central,Buikwe,Ngogwe,1815,18235,4153,28473,731,17191,
Central,Buikwe,Njeru Town Council,2958,30839,5654,56741,1299,28327,
Central,Buikwe,Nkokonjeru Town Council,443,4058,1044,6767,255,3704,
Central,Buikwe,Nyenga,2042,26159,6483,39212,1155,23676,
Central,Buikwe,Ssi-Bukunja,1225,12595,3984,19619,761,11251,
Central,Buikwe,Wakisi,1660,20679,4509,33570,886,18940,
Central,Buikwe,Buikwe Total,18695,205176,44779,339769,8676,189084,
Central,Bukomansimbi,Bigasa,2064,22575,4640,34305,818,20940,
Central,Bukomansimbi,Bukomansimbi  Town Council,491,4711,1036,7862,200,4390,
Central,Bukomansimbi,Butenga,2035,19972,3817,32196,516,19279,
Central,Bukomansimbi,Kibinge,1839,16592,3214,27462,583,15936,
Central,Bukomansimbi,Kitanda,1302,15243,3801,22684,845,13917,
Central,Bukomansimbi,Bukomansimbi Total,7731,79093,16508,124509,2962,74462,
Central,Butambala,Budde,650,7134,889,11830,178,6732,
Central,Butambala,Bulo,995,10106,1177,16245,203,9767,
Central,Butambala,Gombe Town Council,739,8227,877,13545,148,7838,
Central,Butambala,Kalamba,913,10448,641,17634,115,10181,
Central,Butambala,Kibibi,626,7588,1030,12134,205,7091,
Central,Butambala,Ngando,852,10513,1154,16237,187,10011,
Central,Butambala,Butambala Total,4775,54016,5768,87625,1036,51620,
Central,Buvuma,Bugaya,164,1849,2516,1837,816,827,
Central,Buvuma,Busamuzi,589,8286,2688,12123,565,6909,
Central,Buvuma,Buvuma Town Council,291,4757,1385,7480,300,3876,
Central,Buvuma,Buwooya,414,6565,2086,8622,621,5303,
Central,Buvuma,Bweema,228,3534,1301,6617,175,2816,
Central,Buvuma,Lubya,218,2404,1072,4647,202,1936,
Central,Buvuma,Lwajje,107,1364,586,3191,64,1067,
Central,Buvuma,Lyabaana,70,1351,2271,3011,276,740,
Central,Buvuma,Nairambi,506,9356,2631,14870,560,7703,
Central,Buvuma,Buvuma Total,2587,39466,16536,62398,3579,31177,
Central,Gomba,Kabulasoke,2531,26137,5564,40580,1003,24309,
Central,Gomba,Kanoni Town Council,599,6143,1312,10009,265,5677,
Central,Gomba,Kyegonza,1580,15996,3691,24398,677,14844,
Central,Gomba,Maddu,1649,17387,4450,28035,780,15747,
Central,Gomba,Mpenja,1767,16309,3569,26247,520,15466,
Central,Gomba,Gomba Total,8126,81972,18586,129269,3245,76043,
Central,Kalangala,Bujumba,319,3483,1333,8837,142,2818,
Central,Kalangala,Kalangala Town Council,222,1675,655,3589,119,1453,
Central,Kalangala,Mugoye,548,4613,1314,9389,228,4011,
Central,Kalangala,Bubeke,97,1230,716,3479,104,888,
Central,Kalangala,Bufumira,229,3110,1494,7037,175,2361,
Central,Kalangala,Kyamuswa,103,1397,979,3055,135,1009,
Central,Kalangala,Mazinga,88,1005,769,3632,63,713,
Central,Kalangala,Kalangala Total,1606,16513,7260,39018,966,13253,
Central,Kalungu,Bukulula,2305,22501,5975,34326,1180,21040,
Central,Kalungu,Kalungu,2002,19133,5301,29907,684,18354,
Central,Kalungu,Kalungu Town Council,454,3883,1262,6184,198,3677,
Central,Kalungu,Kyamulibwa,1677,17720,3145,27440,494,16859,
Central,Kalungu,Lukaya Town Council,1164,11318,1985,19595,402,10449,
Central,Kalungu,Lwabenge,1737,18285,3972,27674,734,16938,
Central,Kalungu,Kalungu Total,9339,92840,21640,145126,3692,87317,
Central,Kampala,Central Division,2649,24349,5452,66234,818,22701,
Central,Kampala,Kawempe Division,10443,129238,19776,289145,3399,115637,
Central,Kampala,Lubaga Division,12569,,21148,329689,3822,131625,
Central,Kampala,Makindye Division,12466,147197,21195,341633,3730,133230,
Central,Kampala,Nakawa Division,9603,111158,19941,266555,3346,100417,
Central,Kampala,Kampala Total,47730,559852,87512,1293256,15115,503610,
Central,Kayunga,Bbaale,553,8762,1931,13779,409,7649,
Central,Kayunga,Galiraya,927,12612,3890,18188,919,10698,
Central,Kayunga,Kayonza,2363,33449,5630,49470,1269,30391,
Central,Kayunga,Kitimbwa,1854,25481,3124,38976,659,23578,
Central,Kayunga,Busaana,2388,31718,6318,46075,1243,29244,
Central,Kayunga,Kangulumira,2539,28270,6447,43172,1357,25955,
Central,Kayunga,Kayunga,1989,22222,4468,34271,936,20789,
Central,Kayunga,Kayunga Town Council,1217,12713,2422,22258,466,11781,
Central,Kayunga,Nazigo,1778,22837,4084,35330,723,21445,
Central,Kayunga,Kayunga Total,15608,198064,38314,301519,7981,181530,
Central,Kiboga,Bukomero,833,7398,1921,12042,376,6858,
Central,Kiboga,Bukomero Town Council,638,6299,1744,9990,385,5627,
Central,Kiboga,Ddwaniro,498,5489,1395,9425,226,5092,
Central,Kiboga,Kapeke,785,7357,2384,11350,448,6642,
Central,Kiboga,Kibiga,1231,12797,3221,20294,537,11597,
Central,Kiboga,Kiboga Town Council,785,8603,2071,15003,415,7569,
Central,Kiboga,Lwamata,1602,13923,4009,22122,824,12700,
Central,Kiboga,Muwanga,905,9205,2918,13840,512,8359,
Central,Kiboga,Kiboga Total,7277,71071,19663,114066,3723,64444,
Central,Kyankwanzi,Bananywa,934,16621,3735,24668,841,13971,
Central,Kyankwanzi,Butemba,1335,17896,5088,27069,1162,15318,
Central,Kyankwanzi,Butemba Town Council,575,7022,1247,11725,241,6279,
Central,Kyankwanzi,Gayaza,783,10161,2092,16658,442,8830,
Central,Kyankwanzi,Kyankwanzi,610,5633,1356,10447,178,5315,
Central,Kyankwanzi,Mulagi,682,6425,2504,9368,592,5703,
Central,Kyankwanzi,Nkandwa,603,6662,1084,10946,208,6189,
Central,Kyankwanzi,Nsambya,903,12818,4432,19242,987,10777,
Central,Kyankwanzi,Ntwetwe,679,8612,1327,14717,255,7593,
Central,Kyankwanzi,Ntwetwe  Town Council,434,4846,1017,8225,206,4336,
Central,Kyankwanzi,Wattuba,997,10395,3124,16325,661,9257,
Central,Kyankwanzi,Kyankwanzi Total,8535,107091,27006,169390,5773,93568,
Central,Luwero,Bamunanika,1402,14965,4475,22263,1244,13350,
Central,Luwero,Kalagala,1885,21602,4326,35999,761,20148,
Central,Luwero,Kamira,1118,13703,3723,20815,933,12143,
Central,Luwero,Kikyusa,1556,18064,3556,28560,776,16343,
Central,Luwero,Zirobwe,1914,23568,3372,38356,611,21905,
Central,Luwero,Bombo Town Council,1242,12086,2764,20723,632,10956,
Central,Luwero,Butuntumula,1745,18679,4445,27923,847,17206,
Central,Luwero,Katikamu,2017,22142,4643,35425,876,20665,
Central,Luwero,Luweero Town Council,1519,20618,2197,36436,450,18465,
Central,Luwero,Luwero,1644,17635,3710,27401,583,16606,
Central,Luwero,Makulubita,1612,16117,4734,25939,953,14781,
Central,Luwero,Nyimbwa,1709,16918,3981,27862,764,15733,
Central,Luwero,Wobulenzi Town Council,1020,12790,1826,22716,344,11652,
Central,Luwero,Luwero Total,20383,228887,47752,370418,9774,209953,
Central,Lwengo,Kisekka,2555,25004,4540,40642,955,23503,
Central,Lwengo,Kkingo,1901,17052,4561,27537,639,16459,
Central,Lwengo,Kyazanga,1750,18732,2878,29084,689,17331,
Central,Lwengo,Kyazanga Town Council,603,7785,1495,12382,261,6928,
Central,Lwengo,Lwengo,2639,26823,6088,39829,1305,24488,
Central,Lwengo,Lwengo Town Council,701,7505,1206,11828,253,6941,
Central,Lwengo,Malongo,2097,20240,4562,31094,1025,18563,
Central,Lwengo,Ndagwe,1853,21318,4389,31209,816,19631,
Central,Lwengo,Lwengo Total,14099,144459,29719,223605,5943,133844,
Central,Lyantonde,Kaliiro,926,9559,1898,15068,354,8839,
Central,Lyantonde,Kasagama,442,5348,1196,9079,232,4800,
Central,Lyantonde,Kinuuka,391,4363,854,7258,145,4015,
Central,Lyantonde,Lyantonde,982,9390,1947,14759,332,8800,
Central,Lyantonde,Lyantonde Town Council,451,5637,1051,10950,278,4733,
Central,Lyantonde,Mpumudde,1080,11764,3052,19017,671,10493,
Central,Lyantonde,Lyantonde Total,4272,46061,9998,76131,2012,41680,
Central,Masaka,Bukakata,899,7357,2309,13422,507,6501,
Central,Masaka,Buwunga,1947,21558,3652,35695,557,20424,
Central,Masaka,Kabonera,1791,16556,3433,26804,623,15635,
Central,Masaka,Kyanamukaaka,1690,15661,3930,25290,662,14768,
Central,Masaka,Kyesiiga,1312,12204,2592,20336,470,11464,
Central,Masaka,Mukungwe,2277,21488,4716,35707,745,20284,
Central,Masaka,Katwe-Butego Division,913,10645,1996,20657,380,9546,
Central,Masaka,Kimaanya-Kyabakuza Division,1224,14094,1619,27525,348,12636,
Central,Masaka,Nyendo-Ssenyange Division,1586,18111,2017,35505,409,16185,
Central,Masaka,Masaka Total,13639,137674,26264,240941,4701,127443,
Central,Mityana,Busimbi Division,744,7476,1656,12376,211,7080,
Central,Mityana,Central Division,2278,25296,4167,46553,808,22968,
Central,Mityana,Ttamu Division,1229,11410,2420,19099,345,10898,
Central,Mityana,Bbanda,779,6968,1684,10884,250,6598,
Central,Mityana,Butayunja,622,5333,1981,8191,358,4933,
Central,Mityana,Kakindu,1098,9006,2756,14291,438,8574,
Central,Mityana,Maanyi,1119,10472,3734,15986,726,9498,
Central,Mityana,Malangala,1236,11940,3005,18963,469,11141,
Central,Mityana,Bulera,1665,14416,3973,24267,567,13798,
Central,Mityana,Kalangaalo,1669,15269,3047,24947,506,14319,
Central,Mityana,Kikandwa,1467,14682,2885,24523,378,13752,
Central,Mityana,Namungo,903,8489,2339,13513,414,7881,
Central,Mityana,Ssekanyonyi,1706,18462,3700,30912,681,17013,
Central,Mityana,Mityana Total,16515,159219,37347,264505,6151,148453,
Central,Mpigi,Buwama,2479,25261,4678,41931,768,23620,
Central,Mpigi,Kammengo,1855,19286,3835,31583,647,18032,
Central,Mpigi,Kiringente,834,9788,1497,17735,322,8825,
Central,Mpigi,Kituntu,1162,11641,1947,18700,331,11090,
Central,Mpigi,Mpigi Town Council,2029,20844,4099,35564,607,19697,
Central,Mpigi,Muduuma,1278,14435,2494,25501,347,13368,
Central,Mpigi,Nkozi,2048,21076,3591,34477,784,19443,
Central,Mpigi,Mpigi Total,11685,122331,22141,205491,3806,114075,
Central,Mubende,Butoloogo,1505,23402,38258,2103,20792,392,
Central,Mubende,Kitenga,2621,30013,47601,6594,26309,1739,
Central,Mubende,Kiyuni,1115,12665,19353,3458,11069,712,
Central,Mubende,Madudu,1440,18829,29559,3990,16588,727,
Central,Mubende,Bagezza,463,6276,9273,1414,5486,262,
Central,Mubende,Kasambya,1561,19054,30401,3449,16940,690,
Central,Mubende,Kibalinga,1579,18838,30266,2891,16857,545,
Central,Mubende,Kigando,1879,20815,32368,4925,18556,944,
Central,Mubende,Nabingoola,1744,18913,27687,5572,16393,1410,
Central,Mubende,Bukuya,1427,15983,26168,2505,14766,465,
Central,Mubende,Kalwana,1474,17515,26454,4127,15795,770,
Central,Mubende,Kassanda,2203,22579,34771,5698,20537,1090,
Central,Mubende,Kiganda,1966,19564,29427,5825,17607,1111,
Central,Mubende,Kitumbi,1840,26539,41898,4965,23467,1088,
Central,Mubende,Makokoto,406,4255,6017,1368,3765,317,
Central,Mubende,Manyogaseka,489,5461,7979,2164,4658,491,
Central,Mubende,Myanzi,981,11002,17534,2413,10204,352,
Central,Mubende,Nalutuntu,1408,12644,20788,2492,12149,328,
Central,Mubende,Eastern Division,1134,11266,20799,2197,10246,437,
Central,Mubende,Western Division,1135,12274,20955,3256,11056,639,
Central,Mubende,Southern Division,1465,14945,25767,2726,13485,570,
Central,Mubende,Mubende Total,29835,342832,543323,74132,306725,15079,
Central,Mukono,Central Division,2298,28954,3523,57391,736,26151,
Central,Mukono,Goma Division,3302,39722,5573,78296,1159,36375,
Central,Mukono,Koome Island,531,6326,2538,14036,411,5053,
Central,Mukono,Kyampisi,2024,21598,4116,36778,852,20008,
Central,Mukono,Mpatta,843,8025,1766,13865,304,7615,
Central,Mukono,Mpunge,639,6761,1536,11419,284,6269,
Central,Mukono,Nakisunga,2352,22846,5072,40013,800,21818,
Central,Mukono,Nama,2224,24690,5427,44683,984,22588,
Central,Mukono,Ntenjeru,2048,20383,4732,33283,936,18860,
Central,Mukono,Kasawo,1533,18020,5922,27420,1795,15624,
Central,Mukono,Kimenyedde,1396,18618,3847,29400,615,17329,
Central,Mukono,Nabbaale,1714,18207,3537,30086,617,17239,
Central,Mukono,Nagojje,1566,16305,4432,27141,762,15080,
Central,Mukono,Ntunda,1080,7504,2018,12171,597,7131,
Central,Mukono,Seeta Namuganga,1748,19127,3472,30881,642,18108,
Central,Mukono,Mukono Total,25298,277086,57511,486863,11494,255248,
Central,Nakaseke,Butalangu Town Council,135,1692,484,2645,93,1525,
Central,Nakaseke,Kapeeka,1133,11599,1996,20217,401,10725,
Central,Nakaseke,Kasangombe,1159,10953,2139,17881,350,10372,
Central,Nakaseke,Kikamulo,956,9692,2149,14970,381,9061,
Central,Nakaseke,Kinoni,246,2678,348,4972,60,2466,
Central,Nakaseke,Kinyogoga,299,4050,693,7563,90,3657,
Central,Nakaseke,Kito,422,4865,1068,7748,143,4473,
Central,Nakaseke,Kiwoko Town Council,637,5274,942,9015,183,5015,
Central,Nakaseke,Nakaseke,825,9122,1621,14778,233,8523,
Central,Nakaseke,Nakaseke Town Council,315,3160,597,5598,126,2922,
Central,Nakaseke,Ngoma,245,3173,659,5580,81,2865,
Central,Nakaseke,Ngoma Town Council,232,2454,608,4768,85,2190,
Central,Nakaseke,Semuto,1144,11599,2700,18832,409,10907,
Central,Nakaseke,Semuto Town Council,373,5172,716,9130,164,4706,
Central,Nakaseke,Wakyato,410,5605,1000,9426,142,5191,
Central,Nakaseke,Nakaseke Total,8531,91088,17720,153123,2941,84598,
Central,Nakasongola,Kakooge,947,10168,3152,15286,740,9011,
Central,Nakasongola,Kakooge Town Council,493,4168,1048,7040,204,3922,
Central,Nakasongola,Kalongo,691,10990,2546,15255,702,9536,
Central,Nakasongola,Kalungi,1108,13056,3740,17893,1157,11228,
Central,Nakasongola,Lwabiyata,620,8341,2251,12094,620,7210,
Central,Nakasongola,Lwampanga,1232,14338,4439,22454,1083,12433,
Central,Nakasongola,Migeera Town Council,229,2414,588,4352,109,2137,
Central,Nakasongola,Nabisweera,734,8166,3197,11879,811,6946,
Central,Nakasongola,Nakasongola Town Council,406,3963,693,7427,133,3715,
Central,Nakasongola,Nakitoma,605,6857,2171,10074,642,5876,
Central,Nakasongola,Wabinyonyi,781,9618,2712,14096,608,8552,
Central,Nakasongola,Nakasongola Total,7846,92079,26537,137850,6809,80566,
Central,Rakai,Kakuuto,2140,19117,3820,31834,939,17842,
Central,Rakai,Kasasa,945,8399,1529,14106,270,8070,
Central,Rakai,Kibanda,1021,13030,2037,20518,405,11746,
Central,Rakai,Kifamba,751,7554,1529,11819,278,7077,
Central,Rakai,Kyebe,1103,9368,1719,17118,296,8810,
Central,Rakai,Byakabanda,975,9966,1684,15676,340,9231,
Central,Rakai,Ddwaniro,1636,17604,3036,27123,645,16264,
Central,Rakai,Kacheera,943,12905,2112,19769,337,11569,
Central,Rakai,Kagamba,1521,18465,3009,28188,605,16957,
Central,Rakai,Kiziba,823,11131,1554,17252,411,9932,
Central,Rakai,Kyalulangira,1081,15003,2379,23145,564,13372,
Central,Rakai,Lwamaggwa,2068,23615,3611,36910,722,21663,
Central,Rakai,Lwanda,1236,14790,2292,23999,428,13763,
Central,Rakai,Rakai Town Council,357,3453,390,5975,72,3234,
Central,Rakai,Kabira,1710,15595,2347,25891,435,14862,
Central,Rakai,Kalisizo,1027,9035,1734,15003,194,8834,
Central,Rakai,Kalisizo Town Council,606,6044,718,11470,136,5644,
Central,Rakai,Kasaali,1486,12887,2443,21944,444,12353,
Central,Rakai,Kirumba,1392,12606,2207,20960,386,12209,
Central,Rakai,Kyotera Town Council,464,5492,608,10677,120,4799,
Central,Rakai,Lwankoni,836,7481,1347,12517,268,7168,
Central,Rakai,Nabigasa,1195,10734,2243,17079,456,10235,
Central,Rakai,Rakai Total,25316,264274,44348,428973,8751,245634,
Central,Ssembabule,Lwemiyaga,1569,18767,4000,29600,871,16715,
Central,Ssembabule,Ntuusi,994,11677,2589,19627,382,10543,
Central,Ssembabule,Lugusulu,1395,15078,3076,25625,566,13773,
Central,Ssembabule,Lwebitakuli,2897,33168,7451,49516,2043,29545,
Central,Ssembabule,Mateete,2770,27826,5794,42507,1036,26064,
Central,Ssembabule,Mateete Town Council,424,4953,779,8385,158,4401,
Central,Ssembabule,Mijwala,1514,15537,3268,24302,566,14350,
Central,Ssembabule,Sembabule Town Council,312,2997,1057,4933,328,2523,
Central,Ssembabule,Ssembabule Total,11875,130003,28014,204495,5950,117914,
Central,Wakiso,Bussi,678,6578,995,13343,149,5929,
Central,Wakiso,Kakiri,1823,18792,3742,32089,589,17574,
Central,Wakiso,Kakiri Town Council,979,8101,1587,14898,288,7564,
Central,Wakiso,Kasanje,1395,13893,2640,23973,380,13063,
Central,Wakiso,Katabi,3735,42988,6515,88840,1289,38337,
Central,Wakiso,Masuliita,591,5317,1113,8957,253,5070,
Central,Wakiso,Masulita Town Council,749,7147,1534,11931,291,6744,
Central,Wakiso,Mende,1189,12782,3123,21246,778,11650,
Central,Wakiso,Namayumba,934,8415,1870,14290,320,8004,
Central,Wakiso,Namayumba Town Council,732,7272,1319,12640,253,6783,
Central,Wakiso,Nsangi,6550,87609,11461,167022,2369,77758,
Central,Wakiso,Ssisa,3466,39380,7724,76587,1429,35225,
Central,Wakiso,Wakiso,5554,81898,8334,151245,1929,72176,
Central,Wakiso,Wakiso Town Council,2257,27196,3275,51638,781,24527,
Central,Wakiso,Nangabo,4735,62995,7760,122198,1499,56765,
Central,Wakiso,Division A,1490,15702,3303,32406,656,14264,
Central,Wakiso,Division B,1194,12237,2171,25776,403,11125,
Central,Wakiso,Bweyogerere Division,3264,42990,5517,93331,1169,38219,
Central,Wakiso,Kira Division,1817,24237,3681,52136,590,21676,
Central,Wakiso,Namugongo Division,4446,56622,6943,132255,1294,50657,
Central,Wakiso,Bunamwaya Division,2383,29882,4572,62617,935,26517,
Central,Wakiso,Masajja Division,3765,51292,6676,100949,1396,44960,
Central,Wakiso,Ndejje Division,2796,39994,5036,79662,1051,35554,
Central,Wakiso,Busukuma Division,1616,17941,4088,30979,667,16510,
Central,Wakiso,Gombe Division,2867,36432,5367,65155,798,33424,
Central,Wakiso,Nabweru Division,2951,47191,4918,90609,1075,41697,
Central,Wakiso,Nansana Division,4542,62896,5293,127700,1309,55938,
Central,Wakiso,Wakiso Total,68499,867814,120558,1704532,23940,777738,
Eastern,Amuria,Abarilela,1122,13551,3793,18519,1312,11405,
Eastern,Amuria,Acowa,672,7988,4517,8486,2014,5422,
Eastern,Amuria,Akeriau,304,3337,907,5586,250,2934,
Eastern,Amuria,Akoromit,777,8074,2555,11003,794,6947,
Eastern,Amuria,Amuria Town Council,905,11620,3484,16485,1044,10065,
Eastern,Amuria,Apeduru,757,10120,2791,13900,753,8786,
Eastern,Amuria,Asamuk,833,9655,2674,13057,825,8214,
Eastern,Amuria,Kapelebyong,539,7574,3365,9240,1386,5779,
Eastern,Amuria,Kuju,683,8085,2059,11625,590,7130,
Eastern,Amuria,Morungatuny,1170,12881,3494,18752,931,11302,
Eastern,Amuria,Obalanga,665,7544,2683,9600,955,6091,
Eastern,Amuria,Ogolai,1114,9856,4400,12511,1708,7714,
Eastern,Amuria,Okungur,960,9875,2772,13797,920,8479,
Eastern,Amuria,Orungo,948,10590,2789,14726,819,9124,
Eastern,Amuria,Wera,867,9908,4097,12270,1526,7744,
Eastern,Amuria,Willa,638,7832,1589,11045,492,6807,
Eastern,Amuria,Amuria Total,12954,148490,47969,200602,16319,123943,
Eastern,Budaka,Budaka,318,6390,324,9816,58,5717,
Eastern,Budaka,Budaka Town Council,784,12625,1836,19889,396,11278,
Eastern,Budaka,Kachomo,452,8239,2545,10737,782,6725,
Eastern,Budaka,Kaderuna,422,9964,1965,13621,383,8582,
Eastern,Budaka,Kakule,378,7174,1460,10009,430,6139,
Eastern,Budaka,Lyama,479,10981,2790,14723,918,8868,
Eastern,Budaka,Naboa,441,7598,1158,11563,251,6703,
Eastern,Budaka,Nansanga,251,5655,690,8175,108,5020,
Eastern,Budaka,Iki-Iki,599,10492,2435,14682,629,9008,
Eastern,Budaka,Kameruka,290,8665,951,12714,227,7490,
Eastern,Budaka,Kamonkoli,898,13398,2590,20021,604,11880,
Eastern,Budaka,Katiira,610,9163,640,14296,179,8336,
Eastern,Budaka,Mugiti,371,6399,1674,9043,423,5587,
Eastern,Budaka,Budaka Total,6293,116743,21058,169289,5388,101333,
Eastern,Bududa,Bubiita,285,3581,572,5950,100,3306,
Eastern,Bududa,Bududa Town Council,340,3220,318,5919,57,3148,
Eastern,Bududa,Bududa,339,5741,1881,8226,476,4915,
Eastern,Bududa,Bukalasi,505,7001,3306,8604,1204,5346,
Eastern,Bududa,Bukibokolo,374,5559,1840,7638,694,4684,
Eastern,Bududa,Bukigai,939,9096,2407,14507,508,8699,
Eastern,Bududa,Bulucheke,893,8159,1827,12419,440,7782,
Eastern,Bududa,Bumasheti,739,8928,2116,12847,587,8147,
Eastern,Bududa,Bumayoka,1215,10701,3643,14350,1383,9277,
Eastern,Bududa,Bushika,1223,17089,3164,25987,802,15869,
Eastern,Bududa,Bushiribo,555,5999,525,9712,97,5759,
Eastern,Bududa,Bushiyi,596,8603,939,13496,208,7965,
Eastern,Bududa,Buwali,292,3283,1940,4012,730,2431,
Eastern,Bududa,Nabweya,489,5198,1204,8475,253,4870,
Eastern,Bududa,Nakatsi,593,5699,542,9673,146,5503,
Eastern,Bududa,Nalwanza,478,4864,1589,6668,495,4239,
Eastern,Bududa,Bududa Total,9855,112721,27813,168483,8180,101940,
Eastern,Bugiri,Budhaya,777,16907,3052,23132,736,14666,
Eastern,Bugiri,Bugiri  Town Council,1031,13988,2396,23777,504,12536,
Eastern,Bugiri,Bulesa,1418,22104,5616,30835,1512,18815,
Eastern,Bugiri,Bulidha,777,14081,2967,19417,788,12208,
Eastern,Bugiri,Buluguyi,1152,17967,3809,24963,937,15571,
Eastern,Bugiri,Buwunga,1563,26486,6506,36387,1619,22859,
Eastern,Bugiri,Iwemba,654,11266,1804,15914,387,9954,
Eastern,Bugiri,Kapyanga,2266,32726,6915,47233,1713,28906,
Eastern,Bugiri,Muterere,916,16137,3828,21782,1081,13689,
Eastern,Bugiri,Nabukalu,1121,21187,4445,29232,1185,18174,
Eastern,Bugiri,Nankoma,1310,23738,6578,31233,2010,19760,
Eastern,Bugiri,Bugiri Total,12985,216587,47916,303905,12472,187138,
Eastern,Bukedea,Bukedea,1303,16615,1806,26178,481,14984,
Eastern,Bukedea,Bukedea Town Council,402,5096,1422,8264,414,4378,
Eastern,Bukedea,Kachumbala,1916,30168,4479,46605,1088,26873,
Eastern,Bukedea,Kidongole,935,15980,3343,22580,1029,13625,
Eastern,Bukedea,Kolir,1200,18109,2713,27438,767,16015,
Eastern,Bukedea,Malera,1630,25606,5905,36008,1466,21824,
Eastern,Bukedea,Bukedea Total,7386,111574,19668,167073,5245,97699,
Eastern,Bukwo,Bukwo,247,4560,740,6810,191,3929,
Eastern,Bukwo,Bukwo Town council,228,3934,491,6436,132,3545,
Eastern,Bukwo,Chepkwasta,235,4902,605,7028,146,4219,
Eastern,Bukwo,Chesower,211,3639,576,5479,108,3244,
Eastern,Bukwo,Kabei,155,3492,671,5079,214,2938,
Eastern,Bukwo,Kamet,99,2931,365,4296,84,2490,
Eastern,Bukwo,Kaptererwo,348,4790,922,7123,277,4173,
Eastern,Bukwo,Kortek,159,3353,579,4652,184,2841,
Eastern,Bukwo,Riwo,216,4208,1767,5207,716,3047,
Eastern,Bukwo,Senendet,257,4898,920,7197,247,4254,
Eastern,Bukwo,Suam,379,5574,915,9023,222,5002,
Eastern,Bukwo,Tulel,120,2843,484,4301,112,2458,
Eastern,Bukwo,Bukwo Total,2654,49124,9035,72631,2633,42140,
Eastern,Bulambuli,Buginyanya,305,2675,1054,4178,233,2485,
Eastern,Bulambuli,Bukhalu,964,16156,3674,22227,1031,14122,
Eastern,Bulambuli,Bulaago,385,4611,1619,7342,438,4106,
Eastern,Bulambuli,Bulambuli Town Council,103,1586,484,2519,133,1351,
Eastern,Bulambuli,Bulegeni,343,2471,1948,2843,790,1742,
Eastern,Bulambuli,Simu,403,2461,927,4137,287,2351,
Eastern,Bulambuli,Buluganya,1121,7151,1372,10958,277,7381,
Eastern,Bulambuli,Bumasobo,227,4193,535,7014,78,3846,
Eastern,Bulambuli,Bumugibole,225,3222,1279,4892,318,2821,
Eastern,Bulambuli,Bunambutye,326,4137,1740,5940,436,3390,
Eastern,Bulambuli,Bwikhonge,294,4095,1197,5826,330,3419,
Eastern,Bulambuli,Nabbongo,331,5114,1721,7099,433,4250,
Eastern,Bulambuli,Muyembe,376,3626,1517,5605,328,3221,
Eastern,Bulambuli,Lusha,324,3846,2002,6392,446,3305,
Eastern,Bulambuli,Masiira,421,4626,1934,7032,509,4031,
Eastern,Bulambuli,Kamu,322,3170,1106,4881,236,2907,
Eastern,Bulambuli,Namisuni,390,4118,3760,4586,1605,2577,
Eastern,Bulambuli,Sisiyi,1059,5962,1328,10699,345,6000,
Eastern,Bulambuli,Bulegeni Town Council,576,5997,1111,9012,351,5728,
Eastern,Bulambuli,Bulambuli Total,8495,89217,30308,133182,8604,79033,
Eastern,Busia,Eastern Division,1548,15252,1978,27304,485,13988,
Eastern,Busia,Western Division,893,10976,1925,18950,455,9770,
Eastern,Busia,Buhehe,968,10452,2580,15901,627,9382,
Eastern,Busia,Bulumbi,637,8183,1027,13236,270,7544,
Eastern,Busia,Busime,938,10102,2479,14673,603,9031,
Eastern,Busia,Busitema,718,9273,1807,13895,421,8308,
Eastern,Busia,Buteba,1042,15033,2887,22608,806,13246,
Eastern,Busia,Buyanga,708,10436,1826,15043,378,9280,
Eastern,Busia,Dabani,1272,14759,2175,23488,563,13456,
Eastern,Busia,Lumino,733,7555,2127,11486,457,6841,
Eastern,Busia,Lunyo,690,7942,1470,12388,436,7091,
Eastern,Busia,Majanji,527,5840,1841,8151,477,5076,
Eastern,Busia,Masaba,1121,12505,3009,18675,735,11206,
Eastern,Busia,Masafu,938,10908,1604,16826,364,9929,
Eastern,Busia,Masinya,788,10763,1836,16526,361,9712,
Eastern,Busia,Sikuda,713,10280,1640,15459,328,9171,
Eastern,Busia,Busia Total,14234,170259,32211,264609,7766,153031,
Eastern,Butaleja,Budumba,614,13403,3421,17653,1102,11010,
Eastern,Butaleja,Busaba,660,14235,4160,18375,1455,11337,
Eastern,Butaleja,Busabi,550,10481,1999,14610,537,8955,
Eastern,Butaleja,Busolwe,471,8507,2325,11302,681,7111,
Eastern,Butaleja,Busolwe Town Council,432,7305,1703,10797,375,6372,
Eastern,Butaleja,Butaleja,427,9029,3984,10450,1451,6652,
Eastern,Butaleja,Butaleja Town Council,616,10895,1420,16555,272,9712,
Eastern,Butaleja,Himutu,339,8372,7406,6093,3425,4066,
Eastern,Butaleja,Kachonga,584,15230,2223,20760,565,12939,
Eastern,Butaleja,Mazimasa,858,18640,3680,26437,976,15854,
Eastern,Butaleja,Nawanjofu,541,11359,4012,13813,1325,8820,
Eastern,Butaleja,Naweyo,697,12408,2290,17509,626,10571,
Eastern,Butaleja,Butaleja Total,6789,139864,38623,184354,12790,113399,
Eastern,Buyende,Bugaya,2583,49343,10861,65688,2877,41864,
Eastern,Buyende,Buyende,1495,25245,4490,34756,1020,21775,
Eastern,Buyende,Buyende Town Council,610,13508,3111,18043,733,11475,
Eastern,Buyende,Kagulu,2459,44798,13586,56011,4642,35719,
Eastern,Buyende,Kidera,2434,37400,8987,50758,2463,31648,
Eastern,Buyende,Nkondo,1086,17516,4361,23090,1314,14544,
Eastern,Buyende,Buyende Total,10667,187810,45396,248346,13049,157025,
Eastern,Iganga,Central Division,994,13390,2488,25193,438,12002,
Eastern,Iganga,Northern Division,721,11301,2048,20709,545,9858,
Eastern,Iganga,Busembatia Town Council,405,6108,1449,9689,305,5492,
Eastern,Iganga,Buyanga,1467,28199,7383,39248,1411,24726,
Eastern,Iganga,Ibulanku,980,19677,4459,27493,782,17446,
Eastern,Iganga,Igombe,503,9580,1968,13829,332,8513,
Eastern,Iganga,Makuutu,625,15694,2422,23391,502,13787,
Eastern,Iganga,Namalemba,660,12734,3268,18196,729,11219,
Eastern,Iganga,Bulamogi,959,14492,2012,24842,318,13425,
Eastern,Iganga,Nabitende,731,15803,3084,23238,584,14050,
Eastern,Iganga,Nakalama,1434,24793,4923,38065,1129,21907,
Eastern,Iganga,Nakigo,1187,21567,4456,31843,1134,18919,
Eastern,Iganga,Nambale,1463,26071,6831,36458,1364,23022,
Eastern,Iganga,Namungalwe,1067,20310,4373,30319,720,18192,
Eastern,Iganga,Nawandala,928,17759,5635,23508,1595,15049,
Eastern,Iganga,Nawanyingi,774,14304,3068,20836,700,12685,
Eastern,Iganga,Iganga Total,14898,271782,59867,406857,12588,240292,
Eastern,Jinja,Central Division,656,6620,1555,15601,221,6230,
Eastern,Jinja,Mpumudde Division,851,8622,1655,18606,309,7969,
Eastern,Jinja,BugembeTown Council,1380,17774,3075,34590,637,15699,
Eastern,Jinja,Busedde,1256,19916,5029,29014,989,17731,
Eastern,Jinja,KakiraTown Council,1175,13968,3196,27382,587,12805,
Eastern,Jinja,Mafubira,2855,36945,8136,64252,1497,33300,
Eastern,Jinja,Masese Walukuba,1156,13042,2341,26452,509,11795,
Eastern,Jinja,Budondo,1907,26770,6774,40333,1310,24138,
Eastern,Jinja,Butagaya,1927,30445,5952,43492,1100,27429,
Eastern,Jinja,Buwenge,1665,24956,6697,36593,1777,21928,
Eastern,Jinja,BuwengeTown Council,809,10773,2410,17556,502,9461,
Eastern,Jinja,Buyengo,1103,17981,2706,27518,581,16310,
Eastern,Jinja,Jinja Total,16740,227812,49526,381389,10019,204795,
Eastern,Kaberamaido,Alwa,1173,12408,4423,16961,1286,10502,
Eastern,Kaberamaido,Aperkira,625,8097,3082,10103,985,6624,
Eastern,Kaberamaido,Kaberamaido,967,9437,3206,13190,857,8269,
Eastern,Kaberamaido,KaberamaidoTown Council,216,1622,388,3139,76,1518,
Eastern,Kaberamaido,Kobulubulu,917,10478,2632,15734,716,9455,
Eastern,Kaberamaido,Ochero,1122,14273,3871,20251,1036,12401,
Eastern,Kaberamaido,Anyara,1052,11862,3536,16723,1052,10188,
Eastern,Kaberamaido,Apapai,495,6153,1020,9328,268,5506,
Eastern,Kaberamaido,Bululu,991,12162,3687,15922,1151,10227,
Eastern,Kaberamaido,Kakure,534,7145,2306,9140,658,5875,
Eastern,Kaberamaido,Kalaki,738,8983,2635,12576,866,7614,
Eastern,Kaberamaido,Otuboi,1088,13555,4738,19468,1552,11622,
Eastern,Kaberamaido,Kaberamaido Total,9918,116175,35524,162535,10503,99801,
Eastern,Kaliro,Bumanya,1395,28877,5912,40610,1523,25108,
Eastern,Kaliro,Gadumire,850,20250,4216,27467,1108,17134,
Eastern,Kaliro,Kaliro Town Council,460,7976,1436,13652,344,7123,
Eastern,Kaliro,Namugongo,936,19285,4272,27868,851,17014,
Eastern,Kaliro,Namwiwa,973,20973,4579,28651,980,18244,
Eastern,Kaliro,Nawaikoke,1632,36923,8803,49318,2145,31295,
Eastern,Kaliro,Kaliro Total,6246,134284,29218,187566,6951,115918,
Eastern,Kamuli,Northern Division,987,14511,2850,24661,607,12921,
Eastern,Kamuli,Southern Division,968,14699,2535,23838,591,13257,
Eastern,Kamuli,Balawoli,1714,31323,6747,42720,1481,27024,
Eastern,Kamuli,Bulopa,1241,15383,3028,23128,642,14086,
Eastern,Kamuli,Butansi,1044,16903,3734,23711,841,15078,
Eastern,Kamuli,Kitayunjwa,1432,22023,5199,31783,1003,19748,
Eastern,Kamuli,Nabwigulu,704,12315,2096,18234,508,10972,
Eastern,Kamuli,Namasagali,1127,21565,4505,29736,1080,18686,
Eastern,Kamuli,Namwendwa,1879,32116,6749,46333,1551,28198,
Eastern,Kamuli,Bugulumbya,1129,20391,4062,29668,827,18418,
Eastern,Kamuli,Kisozi,1653,27031,5871,38264,1203,24181,
Eastern,Kamuli,Mbulamuti,1135,16530,3790,23679,912,14856,
Eastern,Kamuli,Nawanyago,970,12558,3196,19102,670,11471,
Eastern,Kamuli,Wankole,679,11179,2464,16071,489,10025,
Eastern,Kamuli,Kamuli Total,16662,268527,56826,390928,12405,238921,
Eastern,Kapchorwa,Central Division,374,5416,729,10373,141,4758,
Eastern,Kapchorwa,Eastern Division,371,5738,1150,9351,244,5149,
Eastern,Kapchorwa,Western Division,597,9866,2139,16312,421,8977,
Eastern,Kapchorwa,Amukol,107,1901,544,3034,82,1729,
Eastern,Kapchorwa,Chema,289,4460,1446,6630,334,3934,
Eastern,Kapchorwa,Chepterech,332,1983,2736,1152,1448,678,
Eastern,Kapchorwa,Gamogo,130,1799,1285,1895,470,1264,
Eastern,Kapchorwa,Kabeywa,160,2640,1176,3774,302,2228,
Eastern,Kapchorwa,Kapsinda,157,3909,834,6159,156,3481,
Eastern,Kapchorwa,Kaptanya,220,3893,636,6183,171,3529,
Eastern,Kapchorwa,Kaserem,151,2499,484,3885,90,2248,
Eastern,Kapchorwa,Kawowo,196,3732,1988,4453,864,2595,
Eastern,Kapchorwa,Munarya,195,2646,672,4512,144,2386,
Eastern,Kapchorwa,Sipi,223,2191,675,3683,124,1988,
Eastern,Kapchorwa,Kapchorwa Total,3502,52673,16494,81396,4991,44944,
Eastern,Katakwi,Kapujan,563,6846,1911,10345,505,6172,
Eastern,Katakwi,Magoro,1184,9281,3812,13363,1161,7956,
Eastern,Katakwi,Omodoi,862,8698,2774,12937,817,7617,
Eastern,Katakwi,Toroma,608,5673,3178,7793,1177,4394,
Eastern,Katakwi,Katakwi,2000,18626,5851,27991,1635,16726,
Eastern,Katakwi,Katakwi Town Council,405,3283,971,5920,261,2999,
Eastern,Katakwi,Ngariam,798,5298,1273,9000,430,5005,
Eastern,Katakwi,Ongongoja,918,8766,3600,11434,1334,6997,
Eastern,Katakwi,Palam,809,6007,1997,9170,465,5448,
Eastern,Katakwi,Usuk,1362,10764,4113,15564,1193,9451,
Eastern,Katakwi,Katakwi Total,9509,83242,29480,123517,8978,72765,
Eastern,Kibuku,Bulangira,594,13459,594,13459,672,11530,
Eastern,Kibuku,Buseta,394,9867,394,9867,282,8501,
Eastern,Kibuku,Kabweri,371,8988,371,8988,380,7677,
Eastern,Kibuku,Kadama,565,11235,565,11235,591,9631,
Eastern,Kibuku,Kagumu,657,16124,657,16124,1012,13428,
Eastern,Kibuku,Kasasira,573,13325,573,13325,975,10974,
Eastern,Kibuku,Kibuku,324,7257,324,7257,562,6014,
Eastern,Kibuku,Kibuku Town Council,231,4711,231,4711,206,4037,
Eastern,Kibuku,Kirika,656,13813,656,13813,254,12261,
Eastern,Kibuku,Tirinyi,932,17829,932,17829,1394,14939,
Eastern,Kibuku,Kibuku Total,5297,116608,5297,116608,6328,98992,
Eastern,Kumi,Northern Division,809,8675,14922,1741,8085,372,
Eastern,Kumi,Southern Division,843,8931,14799,2290,8167,482,
Eastern,Kumi,Atutur,820,11365,17068,2807,9948,698,
Eastern,Kumi,Kanyum,1503,23109,34319,4432,20390,1255,
Eastern,Kumi,Kumi,719,9259,14341,2052,8356,481,
Eastern,Kumi,Mukongoro,1542,26213,38458,4503,22989,1088,
Eastern,Kumi,Nyero,1316,18058,27308,3083,16248,781,
Eastern,Kumi,Ongino,1805,22227,34024,4900,20046,1067,
Eastern,Kumi,Kumi Total,9357,127837,195239,25808,114229,6224,
Eastern,Kween,Benet,330,6121,808,9521,203,5518,
Eastern,Kween,Binyiny,139,2740,447,4251,111,2430,
Eastern,Kween,Binyiny Town Council,87,1688,86,2991,13,1592,
Eastern,Kween,Kaproron,137,2656,365,4344,76,2412,
Eastern,Kween,Kaptoyoy,159,4289,679,7145,140,3918,
Eastern,Kween,Kaptum,277,5122,507,8178,88,4596,
Eastern,Kween,Kiriki,79,2271,458,4107,61,1991,
Eastern,Kween,Kitawoi,260,4273,429,6597,136,3924,
Eastern,Kween,Kwanyiy,305,5669,962,8384,257,5009,
Eastern,Kween,Kwosir,376,6951,544,10418,111,6279,
Eastern,Kween,Moyok,157,3016,685,4612,198,2586,
Eastern,Kween,Ngenge,268,5273,1027,9201,167,4704,
Eastern,Kween,Kween Total,2574,50069,6997,79749,1561,44959,
Eastern,Luuka,Bukanga,1427,23469,4135,34595,951,21089,
Eastern,Luuka,Bukooma,1157,22275,3876,32528,715,19998,
Eastern,Luuka,Bulongo,1019,16092,2808,23429,501,14600,
Eastern,Luuka,Ikumbya,1022,20003,2585,28975,508,17799,
Eastern,Luuka,Irongo,979,14801,3212,21307,681,13292,
Eastern,Luuka,Luuka Town Council,336,5280,652,8547,144,4754,
Eastern,Luuka,Nawampiti,785,11883,2470,17349,570,10604,
Eastern,Luuka,Waibuga,1146,20507,3549,30569,1027,18147,
Eastern,Luuka,Luuka Total,7871,134310,23287,197299,5097,120283,
Eastern,Manafwa,Bubutu,765,13037,2203,19338,573,11549,
Eastern,Manafwa,Bugobero,425,7363,1663,10738,473,6337,
Eastern,Manafwa,Bukhabusi,273,5382,2095,7144,561,4481,
Eastern,Manafwa,Bukhaweka,269,4899,1356,7122,317,4221,
Eastern,Manafwa,Bukhofu,232,4098,1688,5157,587,3221,
Eastern,Manafwa,Bukiabi,533,6093,2764,7667,985,4820,
Eastern,Manafwa,Bukokho,591,11215,2245,15610,615,9548,
Eastern,Manafwa,Bukusu,426,6857,3022,8569,1024,5272,
Eastern,Manafwa,Bumbo,418,9389,2340,13096,706,7997,
Eastern,Manafwa,Bumwoni,546,10580,2605,15202,776,8986,
Eastern,Manafwa,Bunabwana,410,6471,2408,8654,790,5290,
Eastern,Manafwa,Bupoto,337,7472,2830,9914,734,6204,
Eastern,Manafwa,Busukuya,433,7026,1963,9950,643,5870,
Eastern,Manafwa,Butiru,649,9512,3692,12644,1209,7641,
Eastern,Manafwa,Butta,126,2188,723,3065,124,1900,
Eastern,Manafwa,Buwabwala,154,3744,1496,5007,382,3110,
Eastern,Manafwa,Buwagogo,164,3821,1584,4919,403,3094,
Eastern,Manafwa,Kaato,353,4673,1773,6893,499,3967,
Eastern,Manafwa,Khabutoola,477,7963,2174,11830,493,7000,
Eastern,Manafwa,Lwakhakha Town Council,365,4867,1430,7023,334,4224,
Eastern,Manafwa,Magale,634,11070,11283,7602,5715,4505,
Eastern,Manafwa,Manafwa Town Council,506,6501,2441,9967,636,5500,
Eastern,Manafwa,Mukoto,210,4387,1232,6213,275,3745,
Eastern,Manafwa,Nalondo,208,3042,997,4448,271,2589,
Eastern,Manafwa,Namabya,313,5768,2405,7311,721,4615,
Eastern,Manafwa,Namboko,313,5937,3597,5851,1755,3706,
Eastern,Manafwa,Sibanga,194,3964,1641,5295,517,3151,
Eastern,Manafwa,Sisuni,133,2164,793,2902,284,1720,
Eastern,Manafwa,Tsekululu,404,8900,6211,8981,2616,5477,
Eastern,Manafwa,Weswa,182,4132,3068,3960,1348,2428,
Eastern,Manafwa,Manafwa Total,11043,192515,75722,252072,26366,152168,
Eastern,Mayuge,Baitambogwe,1400,19410,3733,31702,722,17726,
Eastern,Mayuge,Bukabooli,1329,25379,2831,37109,616,22827,
Eastern,Mayuge,Bukatube,1421,21737,3260,33705,755,19526,
Eastern,Mayuge,Busakira,1062,16562,2395,24637,494,15068,
Eastern,Mayuge,Buwaaya,851,11825,2018,17725,466,10681,
Eastern,Mayuge,Imanyiro,1727,16373,2106,26818,410,15663,
Eastern,Mayuge,Jaguzi,454,6030,1283,10955,251,5269,
Eastern,Mayuge,Kigandalo,1011,18362,2557,26405,527,16336,
Eastern,Mayuge,Kityerera,1640,25805,3689,38584,799,23128,
Eastern,Mayuge,Malongo,3307,57201,7056,86306,1723,50335,
Eastern,Mayuge,Mayuge Town Council,536,8877,906,15060,199,8043,
Eastern,Mayuge,Mpungwe,910,14510,1599,21859,273,13124,
Eastern,Mayuge,Wairasa,1497,17328,2437,28791,444,15890,
Eastern,Mayuge,Mayuge Total,17145,259399,35870,399656,7679,233616,
Eastern,Mbale,Industrial Divison,1613,16044,2684,33227,666,14769,
Eastern,Mbale,Northern Division,1401,14385,2365,30483,649,13154,
Eastern,Mbale,Wanale Division,524,6389,1095,12380,241,5807,
Eastern,Mbale,Bubyangu,638,11451,1694,17963,373,10338,
Eastern,Mbale,Budwale,247,4207,858,6295,259,3679,
Eastern,Mbale,Bufumbo,734,10804,1394,17230,497,9910,
Eastern,Mbale,Bukasakya,957,14511,1864,25894,452,13166,
Eastern,Mbale,Bukiende,832,11085,2749,17674,750,9796,
Eastern,Mbale,Bukonde,693,9878,1442,16397,264,9083,
Eastern,Mbale,Bumasikye,687,6020,1175,10275,345,5555,
Eastern,Mbale,Bumbobi,526,8374,1624,13718,300,7601,
Eastern,Mbale,Bungokho,960,14518,2156,24382,393,13118,
Eastern,Mbale,Bungokho Mutoto,1087,16645,3573,28434,724,14839,
Eastern,Mbale,Busano,527,7936,1543,12329,399,7117,
Eastern,Mbale,Busiu,653,12733,2695,19943,539,11430,
Eastern,Mbale,Busoba,610,10687,2322,17135,583,9553,
Eastern,Mbale,Lukhonge,290,5204,1396,7612,292,4595,
Eastern,Mbale,Lwasso,227,4797,1192,7140,277,4117,
Eastern,Mbale,Nakaloke,711,12142,1856,19183,416,10876,
Eastern,Mbale,Nakaloke Town Council,1137,14042,2602,23111,549,12603,
Eastern,Mbale,Namanyonyi,1139,15330,2856,25828,507,14042,
Eastern,Mbale,Nyondo,450,5756,583,10537,124,5459,
Eastern,Mbale,Wanale,592,7032,1136,11260,357,6364,
Eastern,Mbale,Mbale Total,17235,239970,42854,408430,9956,216971,
Eastern,Namayingo,Banda,1900,24116,7064,33067,2027,20877,
Eastern,Namayingo,Bukana,337,4452,1748,5887,485,3653,
Eastern,Namayingo,Buhemba,1027,15803,2952,22289,727,13861,
Eastern,Namayingo,Buswale,917,14923,2611,22089,505,13319,
Eastern,Namayingo,Buyinja,767,13035,2745,17833,750,11238,
Eastern,Namayingo,Lolwe,360,4721,1274,9741,246,3973,
Eastern,Namayingo,Mutumba,1600,24384,7288,31520,2476,20032,
Eastern,Namayingo,Namayingo Town Council,598,8419,1968,12403,497,7402,
Eastern,Namayingo,Sigulu Island,802,7427,2925,11338,708,6301,
Eastern,Namayingo,Namayingo Total,8308,117280,30575,166167,8421,100656,
Eastern,Namutumba,Bulange,1222,25850,4585,36262,1103,22208,
Eastern,Namutumba,Ivukula,1072,26042,6663,34719,1803,21906,
Eastern,Namutumba,Kibaale,1110,18713,3594,26861,827,16639,
Eastern,Namutumba,Magada,1417,28194,6949,37560,1879,23819,
Eastern,Namutumba,Namutumba,1192,21417,4135,30368,1013,18674,
Eastern,Namutumba,Namutumba Town Council,448,9984,1619,15560,430,8679,
Eastern,Namutumba,Nsinze,762,14263,2883,20637,505,12768,
Eastern,Namutumba,Namutumba Total,7223,144463,30428,201967,7560,124693,
Eastern,Ngora,Kapir,1364,"16,749",4330,24601,1154,14702,
Eastern,Ngora,Kobwin,1038,"18,957",4991,25727,1633,15805,
Eastern,Ngora,Mukura,1338,"17,491",4940,26448,1250,15482,
Eastern,Ngora,Ngora,1050,"15,619",3036,23455,707,13886,
Eastern,Ngora,Ngora Town Council,556,6934,1282,11749,280,6299,
Eastern,Ngora,Ngora Total,5346,75750,18579,111980,5024,66174,
Eastern,Pallisa,Butebo,710,16905,1712,25249,394,14903,
Eastern,Pallisa,Kabwangasi,752,16207,2551,23645,484,14161,
Eastern,Pallisa,Kakoro,514,9827,2533,13425,883,8135,
Eastern,Pallisa,Kanginima,282,5385,816,8041,151,4793,
Eastern,Pallisa,Kibale,449,9439,2256,12826,605,7978,
Eastern,Pallisa,Opwateta,523,9617,1779,13574,420,8279,
Eastern,Pallisa,Petete,596,15716,2838,21534,626,13590,
Eastern,Pallisa,Kamuge,541,12439,3263,16439,899,10454,
Eastern,Pallisa,Kasodo,446,8141,1328,11877,328,7185,
Eastern,Pallisa,Olok,427,9641,1528,13518,513,8328,
Eastern,Pallisa,Pallisa,396,8938,1206,12967,229,7897,
Eastern,Pallisa,Pallisa Town Council,1057,17486,2714,27233,618,15624,
Eastern,Pallisa,Puti-Puti,609,14203,4290,17968,1442,11351,
Eastern,Pallisa,Agule,529,10007,2930,13641,1071,8088,
Eastern,Pallisa,Akisim,409,7229,2121,9955,687,5977,
Eastern,Pallisa,Apopong,807,15296,3694,20381,1128,12840,
Eastern,Pallisa,Chelekura,359,6711,1089,9812,309,5958,
Eastern,Pallisa,Gogonyo,883,17066,4950,22827,1528,14173,
Eastern,Pallisa,Kameke,607,"9,73",1999,13892,444,8571,
Eastern,Pallisa,Pallisa Total,10896,220026,45597,308804,12759,188285,
Eastern,Serere,Bugondo,1336,20076,3992,28901,1078,17843,
Eastern,Serere,Kadungulu,1247,18993,3785,25954,1091,16213,
Eastern,Serere,Kasilo Town Council,125,1824,409,2797,77,1584,
Eastern,Serere,Labori,708,10845,2563,15503,609,9461,
Eastern,Serere,Pingire,1081,19159,5585,25740,1700,15782,
Eastern,Serere,Atiira,754,10822,2987,16191,848,9597,
Eastern,Serere,Kateta,1667,30600,6594,43682,1904,26697,
Eastern,Serere,Kyere,1623,26894,6144,38552,1658,23817,
Eastern,Serere,Olio,1169,15196,4939,21242,1408,12900,
Eastern,Serere,SerereTown Council,303,3539,613,6779,113,3305,
Eastern,Serere,Serere Total,10013,157948,37611,225341,10486,137199,
Eastern,Sironko,Budadiri Town Council,536,8045,2157,13873,260,7508,
Eastern,Sironko,Bugitimwa,238,4346,1576,6350,372,3655,
Eastern,Sironko,Buhugu,294,3680,1837,5145,426,3101,
Eastern,Sironko,Bukhulo,696,9930,5426,11329,2669,6616,
Eastern,Sironko,Bukiise,768,10413,4393,14843,1112,8769,
Eastern,Sironko,Bukiyi,449,6558,2117,9969,375,5803,
Eastern,Sironko,Bukyabo,316,3831,1988,4701,516,3151,
Eastern,Sironko,Bukyambi,121,1765,763,2578,95,1613,
Eastern,Sironko,Bumalimba,654,8291,3393,12198,740,7190,
Eastern,Sironko,Bumasifwa,386,5147,1898,7783,320,4580,
Eastern,Sironko,Bunyafa,410,6249,1980,8900,305,5518,
Eastern,Sironko,Busulani,271,3780,1679,5401,335,3232,
Eastern,Sironko,Butandiga,208,3082,1057,4561,214,2746,
Eastern,Sironko,Buteza,382,6028,2895,7559,799,4840,
Eastern,Sironko,Buwalasi,480,6607,2772,10022,449,5756,
Eastern,Sironko,Buwasa,324,4283,1880,6350,383,3721,
Eastern,Sironko,Buyobo,466,6850,2844,9759,529,5873,
Eastern,Sironko,Masaba,309,5337,2325,7142,647,4306,
Eastern,Sironko,Nalusala,250,4729,1280,7483,186,4175,
Eastern,Sironko,Sironko Town Council,656,8528,2937,12755,791,7226,
Eastern,Sironko,Zesui,291,5701,2757,7309,682,4601,
Eastern,Sironko,Sironko Total,8505,123180,49954,176010,12205,103980,
Eastern,Soroti,Northern Division,784,7046,1681,14463,343,6472,
Eastern,Soroti,Eastern Division,735,7500,2024,15003,407,6713,
Eastern,Soroti,Western Division,412,4506,929,9666,168,4125,
Eastern,Soroti,Tubur,869,12486,3074,17081,936,10610,
Eastern,Soroti,Kamuda,1645,20366,6443,27838,2062,17266,
Eastern,Soroti,Asuret,1435,21221,5286,30745,1474,18348,
Eastern,Soroti,Katine,1423,19743,4909,27071,1412,16840,
Eastern,Soroti,Soroti,1083,11684,2355,20463,596,10631,
Eastern,Soroti,Arapai,1608,21097,4152,32953,1056,19183,
Eastern,Soroti,Gweri,1829,26048,7617,36616,2312,22007,
Eastern,Soroti,Soroti Total,11823,151697,38470,231899,10766,132195,
Eastern,Tororo,Kwapa,866,10456,2603,16205,699,9271,
Eastern,Tororo,Malaba Town Council,765,7919,1697,14310,359,7150,
Eastern,Tororo,Mella,756,10142,2954,15022,799,8823,
Eastern,Tororo,Merikit,1013,13794,3608,20045,1054,11764,
Eastern,Tororo,Molo,781,9948,3663,13779,1170,8312,
Eastern,Tororo,Mukuju,1466,20351,4971,30379,1328,17753,
Eastern,Tororo,Osukuru,1867,22953,5896,35834,1462,20140,
Eastern,Tororo,Iyolwa,808,11422,2844,15750,762,9798,
Eastern,Tororo,Kirewa,1214,15430,3606,22233,1247,13179,
Eastern,Tororo,Kisoko,743,9760,1919,15663,510,8736,
Eastern,Tororo,Magola,756,9562,3047,13447,760,8262,
Eastern,Tororo,Mulanda,1643,21047,7526,28171,2092,17593,
Eastern,Tororo,Nabuyoga,1252,17286,4017,24384,1156,14952,
Eastern,Tororo,Nagongera,1124,13768,2881,20681,773,12260,
Eastern,Tororo,Nagongera Town Council,515,6426,1460,9743,375,5655,
Eastern,Tororo,Paya,994,16300,3960,23171,1090,13851,
Eastern,Tororo,Petta,739,8338,2203,12375,689,7198,
Eastern,Tororo,Rubongi,1559,18811,4934,29180,1256,16701,
Eastern,Tororo,Sop-Sop,491,8022,2338,10834,637,6676,
Eastern,Tororo,Eastern Division,826,8255,1759,15304,332,7597,
Eastern,Tororo,Western Division,909,9966,2372,18420,478,9060,
Eastern,Tororo,Tororo Total,21087,269956,70258,404930,19028,234731,
