,,,Persons Aged 15+ Years,,,Children Aged 10-17 Years,,,
Region,District,Sub-county,Working,Not Working,Total,Working,Not Working,Total,
Western,Buhweju,Bihanga,5736,979,6715,1494,1295,2789,
Western,Buhweju,Bitsya,6554,1536,8090,1145,2364,3509,
Western,Buhweju,Burere,8223,1217,9440,2128,1854,3982,
Western,Buhweju,Engaju,8405,476,8881,2632,1082,3714,
Western,Buhweju,Karungu,7336,692,8028,2358,918,3276,
Western,Buhweju,Nsiika Town Council,867,725,1592,101,495,596,
Western,Buhweju,Nyakishana,7912,934,8846,2631,1159,3790,
Western,Buhweju,Rwengwe,7657,1238,8895,1349,2101,3450,
Western,Buhweju,Buhweju Total,52690,7797,60487,13838,11268,25106,
Western,Buliisa,Biiso,6620,1390,8010,1078,2424,3502,
Western,Buliisa,Buliisa,7605,507,8112,2970,431,3401,
Western,Buliisa,Buliisa Town Council,3088,529,3617,836,486,1322,
Western,Buliisa,Butiaba,10142,3487,13629,1542,2705,4247,
Western,Buliisa,Kigwera,5265,1584,6849,1060,1634,2694,
Western,Buliisa,Kihungya,4945,892,5837,1384,1431,2815,
Western,Buliisa,Ngwedo,8013,212,8225,3560,95,3655,
Western,Buliisa,Buliisa Total,45678,8601,54279,12430,9206,21636,
Western,Bundibugyo,Bukonzo,4509,650,5159,1339,950,2289,
Western,Bundibugyo,Harugale,5175,1039,6214,954,1735,2689,
Western,Bundibugyo,Nduguto,5008,564,5572,1550,869,2419,
Western,Bundibugyo,Ngamba,4344,687,5031,952,1314,2266,
Western,Bundibugyo,Ntotoro,4317,956,5273,762,1301,2063,
Western,Bundibugyo,Sindila,4908,502,5410,1622,653,2275,
Western,Bundibugyo,Kasitu,8331,1825,10156,1694,2587,4281,
Western,Bundibugyo,Bubandi,8816,2073,10889,1344,3016,4360,
Western,Bundibugyo,Bubukwanga,9140,2697,11837,2088,2439,4527,
Western,Bundibugyo,Bundibugyo Town Council,7485,3018,10503,825,2693,3518,
Western,Bundibugyo,Busaru,6186,1332,7518,1752,1259,3011,
Western,Bundibugyo,Kirumya,4847,727,5574,1010,1134,2144,
Western,Bundibugyo,Kisubba,6949,1316,8265,1876,1472,3348,
Western,Bundibugyo,Mirambi,5247,1261,6508,1677,1054,2731,
Western,Bundibugyo,Nyahuka Town Council,6621,1793,8414,1616,1779,3395,
Western,Bundibugyo,Bundibugyo Total,91883,20440,112323,21061,24255,45316,
Western,Bushenyi,Central Divison,8491,1050,9541,2355,770,3125,
Western,Bushenyi,Ishaka Divison,5792,3570,9362,352,2091,2443,
Western,Bushenyi,Nyakabirizi Division,3620,1040,4660,639,1053,1692,
Western,Bushenyi,Bitooma,5230,1510,6740,1491,1418,2909,
Western,Bushenyi,Bumbaire,6220,2024,8244,1112,2095,3207,
Western,Bushenyi,Ibaare,4955,1403,6358,650,1921,2571,
Western,Bushenyi,Kakanju,6514,5537,12051,627,4597,5224,
Western,Bushenyi,Kyabugimbi,7956,2679,10635,1604,2831,4435,
Western,Bushenyi,Kyamuhunga,15581,4202,19783,3280,4199,7479,
Western,Bushenyi,Kyeizooba,10367,5099,15466,1416,4302,5718,
Western,Bushenyi,Nyabubare,16156,3269,19425,3929,4084,8013,
Western,Bushenyi,Ruhumuro,5627,1091,6718,1004,1992,2996,
Western,Bushenyi,Bushenyi Total,96509,32474,128983,18459,31353,49812,
Western,Hoima,Buhanika,1339,1361,2700,6714,746,7460,
Western,Hoima,Buseruka,3616,3761,7377,17897,3782,21679,
Western,Hoima,Kigorobya,8819,4954,13773,29279,3766,33045,
Western,Hoima,Kigorobya Town Council,366,779,1145,2332,646,2978,
Western,Hoima,Kitoba,3192,3767,6959,15286,2765,18051,
Western,Hoima,Kyabigambire,4538,3612,8150,18837,2546,21383,
Western,Hoima,Bugambe,2462,3543,6005,12046,3780,15826,
Western,Hoima,Buhimba,2879,5248,8127,16423,3679,20102,
Western,Hoima,Kabwoya,7991,4240,12231,30732,3004,33736,
Western,Hoima,Kiziranfumbi,5048,2069,7117,15997,1547,17544,
Western,Hoima,Kyangwali,12918,4797,17715,42963,2984,45947,
Western,Hoima,Bujumbura Division,789,3600,4389,8167,4165,12332,
Western,Hoima,Busiisi Division,1104,2664,3768,8602,2047,10649,
Western,Hoima,Kahoora Divison,1229,4571,5800,15223,5335,20558,
Western,Hoima,Mparo Divison,1227,3104,4331,9583,2929,12512,
Western,Hoima,Hoima Total,57517,52070,109587,250081,43721,293802,
Western,Ibanda,Bisheshe,11433,1539,12972,2788,2443,5231,
Western,Ibanda,Ibanda Town Council,15112,3881,18993,1671,4161,5832,
Western,Ibanda,Igorora Town Council,2761,462,3223,723,505,1228,
Western,Ibanda,Ishongororo,6289,1171,7460,1109,2060,3169,
Western,Ibanda,Ishongororo Town Council,10359,1112,11471,2742,1717,4459,
Western,Ibanda,Kashangura,7168,2096,9264,1861,1979,3840,
Western,Ibanda,Keihangara,4674,1446,6120,361,2287,2648,
Western,Ibanda,Kicuzi,7575,509,8084,2303,947,3250,
Western,Ibanda,Kijongo,4506,1031,5537,724,1747,2471,
Western,Ibanda,Kikyenkye,6527,1509,8036,949,2319,3268,
Western,Ibanda,Nsasi,3419,912,4331,488,1341,1829,
Western,Ibanda,Nyabuhikye,8633,1576,10209,1473,2574,4047,
Western,Ibanda,Nyamarebe,9392,1849,11241,1185,3278,4463,
Western,Ibanda,Rukiri,12335,896,13231,4335,845,5180,
Western,Ibanda,Rushango Town Council,1605,379,1984,105,640,745,
Western,Ibanda,Ibanda Total,111788,20368,132156,22817,28843,51660,
Western,Isingiro,Endiinzi,10541,1897,12438,2197,2492,4689,
Western,Isingiro,Kashumba,9678,1535,11213,2432,2324,4756,
Western,Isingiro,Mbaare,14034,2658,16692,1461,5350,6811,
Western,Isingiro,Ngarama,14874,2660,17534,3911,3890,7801,
Western,Isingiro,Rugaaga,14320,2263,16583,3339,3336,6675,
Western,Isingiro,Rushasha,5707,502,6209,1605,809,2414,
Western,Isingiro,Nakivale Refugee Camp,19162,7725,26887,3629,8118,11747,
Western,Isingiro,Birere,8227,3238,11465,1303,2989,4292,
Western,Isingiro,Isingiro Town Council,11909,2415,14324,1543,4070,5613,
Western,Isingiro,Kaberebere Town Council,3062,482,3544,404,694,1098,
Western,Isingiro,Kabingo,9303,2248,11551,1451,3151,4602,
Western,Isingiro,Kabuyanda,8970,1468,10438,1777,2750,4527,
Western,Isingiro,Kabuyanda Town Council,6586,1972,8558,929,2387,3316,
Western,Isingiro,Kikagate,21611,2556,24167,6461,4334,10795,
Western,Isingiro,Masha,11385,2652,14037,1215,4048,5263,
Western,Isingiro,Nyakitunda,18161,1502,19663,7025,1777,8802,
Western,Isingiro,Nyamuyanja,6645,1132,7777,1296,2035,3331,
Western,Isingiro,Ruborogota,7498,1671,9169,1301,2432,3733,
Western,Isingiro,Oruchinga Refugee Camp,1271,262,1533,175,502,677,
Western,Isingiro,Isingiro Total,202944,40838,243782,43454,57488,100942,
Western,Kabale,Central Division,6123,2567,8690,239,1853,2092,
Western,Kabale,Northern Division,5121,2461,7582,243,1832,2075,
Western,Kabale,Southern Division,6635,3714,10349,310,2593,2903,
Western,Kabale,Buhara,10933,2973,13906,1986,3473,5459,
Western,Kabale,Butanda,8058,1261,9319,2180,1649,3829,
Western,Kabale,Kaharo,8842,2323,11165,1040,3094,4134,
Western,Kabale,Kamuganguzi,6843,4254,11097,1262,3180,4442,
Western,Kabale,Katuna Town Council,4307,1011,5318,802,1207,2009,
Western,Kabale,Kitumba,8451,1883,10334,1737,2221,3958,
Western,Kabale,Kyanamira,8956,2485,11441,1784,2394,4178,
Western,Kabale,Maziba,9412,2241,11653,892,3482,4374,
Western,Kabale,Rubaya,12473,1931,14404,3429,2519,5948,
Western,Kabale,Bubaare,14928,3757,18685,3091,4270,7361,
Western,Kabale,Bufundi,12256,1198,13454,3989,1597,5586,
Western,Kabale,Hamurwa,11684,2184,13868,2888,2864,5752,
Western,Kabale,Hamurwa Town Council,2535,239,2774,680,379,1059,
Western,Kabale,Ikumba,15154,873,16027,5802,676,6478,
Western,Kabale,Muko,23362,1426,24788,8014,1720,9734,
Western,Kabale,Nyamweru,7329,1500,8829,1626,2264,3890,
Western,Kabale,Ruhija,3594,1230,4824,475,1460,1935,
Western,Kabale,Bukinda,4501,1175,5676,1021,1049,2070,
Western,Kabale,Kamwezi,11373,3306,14679,1329,4024,5353,
Western,Kabale,Kashambya,11784,1973,13757,2998,2482,5480,
Western,Kabale,Muhanga Town Council,5445,1347,6792,532,1588,2120,
Western,Kabale,Rwamucucu,12523,2210,14733,2946,2789,5735,
Western,Kabale,Kabale Total,232622,51522,284144,51295,56659,107954,
Western,Kabarole,Eastern Division,7988,3442,11430,537,2699,3236,
Western,Kabarole,Southern Division,7058,2901,9959,394,2123,2517,
Western,Kabarole,Western Division,7637,3305,10942,703,2339,3042,
Western,Kabarole,Buheesi,15594,2720,18314,2638,4733,7371,
Western,Kabarole,Kabonero,8033,1218,9251,2434,1728,4162,
Western,Kabarole,Katebwa,8261,1170,9431,2180,2367,4547,
Western,Kabarole,Kibiito,8404,1335,9739,1352,2560,3912,
Western,Kabarole,Kibiito Town Council,5342,1477,6819,572,2133,2705,
Western,Kabarole,Kisomoro,10868,1333,12201,3158,1748,4906,
Western,Kabarole,Rubona Town Council,2235,870,3105,237,855,1092,
Western,Kabarole,Rwimi,7941,961,8902,1558,1955,3513,
Western,Kabarole,Rwimi Town Council,7619,811,8430,2045,1063,3108,
Western,Kabarole,Bukuuku,4495,1465,5960,430,1914,2344,
Western,Kabarole,Busoro,11853,2981,14834,1302,3651,4953,
Western,Kabarole,Hakibaale,16187,3295,19482,3266,3998,7264,
Western,Kabarole,Karago Town Council,3827,1410,5237,288,1659,1947,
Western,Kabarole,Karambi,10793,4274,15067,842,4222,5064,
Western,Kabarole,Karangura,5259,523,5782,1525,1149,2674,
Western,Kabarole,Kasenda,10769,1430,12199,3166,2019,5185,
Western,Kabarole,Kicwamba,16040,2382,18422,4521,2846,7367,
Western,Kabarole,Kiko Town Council,5183,1705,6888,268,1994,2262,
Western,Kabarole,Kijura Town Council,5120,975,6095,551,1355,1906,
Western,Kabarole,Mugusu,9984,2448,12432,1470,3514,4984,
Western,Kabarole,Ruteete,8181,1421,9602,1374,2132,3506,
Western,Kabarole,Kabarole Total,204671,45852,250523,36811,56756,93567,
Western,Kamwenge,Biguli,19087,3044,22131,16009,1439,17448,
Western,Kamwenge,Busiriba,16189,1626,17815,13238,711,13949,
Western,Kamwenge,Bwizi,16951,895,17846,13445,421,13866,
Western,Kamwenge,Kabambiro,8301,1318,9619,7073,480,7553,
Western,Kamwenge,Kahunge,19204,3882,23086,16383,1843,18226,
Western,Kamwenge,Kamwenge,11822,2278,14100,10061,1063,11124,
Western,Kamwenge,Kamwenge Town Council,9372,3046,12418,8672,1575,10247,
Western,Kamwenge,Bihanga,8676,580,9256,7037,205,7242,
Western,Kamwenge,Nkoma,17319,2992,20311,14687,1414,16101,
Western,Kamwenge,Rwamwanja Refugee Camp,20076,2461,22537,16661,789,17450,
Western,Kamwenge,Buhanda,14371,972,15343,11372,527,11899,
Western,Kamwenge,Kanara,8328,254,8582,6515,145,6660,
Western,Kamwenge,Kicheche,11557,6586,18143,11133,3331,14464,
Western,Kamwenge,Mahyoro,16731,2237,18968,14138,920,15058,
Western,Kamwenge,Ntara,14492,3590,18082,12389,1615,14004,
Western,Kamwenge,Nyabbani,12781,1625,14406,10547,578,11125,
Western,Kamwenge,Kamwenge Total,225257,37386,262643,189360,17056,206416,
Western,Kanungu,Butogota Town Council,4405,1210,5615,818,1357,2175,
Western,Kanungu,Inyanga,8534,3350,11884,770,4134,4904,
Western,Kanungu,Kambuga,3006,415,3421,747,543,1290,
Western,Kanungu,Kambuga Town Council,6798,1536,8334,1385,1704,3089,
Western,Kanungu,Kanungu Town Council,8397,1572,9969,2064,1919,3983,
Western,Kanungu,Kanyantorogo,3020,744,3764,192,1317,1509,
Western,Kanungu,Katete,11114,2918,14032,1253,4665,5918,
Western,Kanungu,Kayonza,7509,1691,9200,829,2998,3827,
Western,Kanungu,Kihihi,8509,2473,10982,1288,2875,4163,
Western,Kanungu,Kihiihi Town Council,3633,559,4192,851,863,1714,
Western,Kanungu,Kinaaba,8293,1166,9459,1947,1791,3738,
Western,Kanungu,Kirima,4392,1112,5504,432,2007,2439,
Western,Kanungu,Mpungu,4577,181,4758,1724,187,1911,
Western,Kanungu,Nyakinoni,8982,776,9758,2493,1347,3840,
Western,Kanungu,Nyamirama,3181,752,3933,767,840,1607,
Western,Kanungu,Rugyeyo,10271,1041,11312,3544,1151,4695,
Western,Kanungu,Rutenga,5864,1072,6936,1239,1650,2889,
Western,Kanungu,Kanungu Total,110485,22568,133053,22343,31348,53691,
Western,Kasese,Bulembia Division,1234,1526,2760,5270,1403,6673,
Western,Kasese,Central Division,1270,4518,5788,12687,4559,17246,
Western,Kasese,Nyamwamba Division,3231,6828,10059,24826,6580,31406,
Western,Kasese,Bwera,132,3734,3866,2334,6444,8778,
Western,Kasese,Ihandiro,1903,765,2668,5898,485,6383,
Western,Kasese,Isango,1106,706,1812,3676,525,4201,
Western,Kasese,Karambi,1713,3852,5565,10343,2895,13238,
Western,Kasese,Kisinga,5818,2551,8369,18924,2242,21166,
Western,Kasese,Kitholhu,1625,2117,3742,5822,2360,8182,
Western,Kasese,Kyarumba,4054,5015,9069,13804,5937,19741,
Western,Kasese,Kyondo,3712,1346,5058,10314,956,11270,
Western,Kasese,Mahango,3285,931,4216,8489,627,9116,
Western,Kasese,Mpondwe-Lhubiriha,6678,4105,10783,22865,4583,27448,
Western,Kasese,Munkunyu,4919,2220,7139,15709,1536,17245,
Western,Kasese,Nyakatonzi,238,981,1219,1900,704,2604,
Western,Kasese,Nyakiyumbu,4655,1896,6551,13609,1667,15276,
Western,Kasese,Bugoye,5002,2393,7395,15431,1830,17261,
Western,Kasese,Buhuhira,3458,469,3927,8003,293,8296,
Western,Kasese,Bwesumbu,2948,1340,4288,8066,917,8983,
Western,Kasese,Hima Town Council,540,1838,2378,5433,1821,7254,
Western,Kasese,Karusandara,1440,853,2293,5801,374,6175,
Western,Kasese,Katwe Kabatoro Town Council,165,889,1054,2680,929,3609,
Western,Kasese,Kilembe,2287,459,2746,5891,269,6160,
Western,Kasese,Kitswamba,3842,2154,5996,13462,1857,15319,
Western,Kasese,Kyabarungira,2133,1498,3631,6418,1417,7835,
Western,Kasese,Lake Katwe,1941,1845,3786,8900,1544,10444,
Western,Kasese,Maliba,4626,5229,9855,18555,3254,21809,
Western,Kasese,Muhokya,2685,1155,3840,8624,953,9577,
Western,Kasese,Rukoki,2422,549,2971,5847,373,6220,
Western,Kasese,Kasese Total,79062,63762,142824,289581,59334,348915,
Western,Kibaale,Birembo,12878,681,13559,3951,1189,5140,
Western,Kibaale,Bwanswa,8214,185,8399,3249,133,3382,
Western,Kibaale,Kakindo,27244,1523,28767,8266,2481,10747,
Western,Kibaale,Kakumiro  Town Council,3679,1594,5273,320,1614,1934,
Western,Kibaale,Kasambya,14076,1173,15249,4844,1329,6173,
Western,Kibaale,Kisiita,26316,1928,28244,8102,3230,11332,
Western,Kibaale,Mpasaana,10511,660,11171,2910,1605,4515,
Western,Kibaale,Nalweyo,14228,1988,16216,2277,3833,6110,
Western,Kibaale,Nkooko,16417,557,16974,6283,665,6948,
Western,Kibaale,Burora,5742,305,6047,2318,333,2651,
Western,Kibaale,Bwikara,19350,489,19839,8307,465,8772,
Western,Kibaale,Kabamba,7594,679,8273,1918,1433,3351,
Western,Kibaale,Kagadi,5548,624,6172,1495,1268,2763,
Western,Kibaale,Kagadi  Town Council,10108,2053,12161,2062,2535,4597,
Western,Kibaale,Kiryanga,11497,356,11853,3759,637,4396,
Western,Kibaale,Kyakabadiima,4124,207,4331,1561,466,2027,
Western,Kibaale,Kyanaisoke,6462,1117,7579,1391,1862,3253,
Western,Kibaale,Kyaterekera,10781,454,11235,4560,441,5001,
Western,Kibaale,Kyenzige,6850,910,7760,2453,1039,3492,
Western,Kibaale,Mabaale,11294,936,12230,3745,1674,5419,
Western,Kibaale,Mpeefu,17770,598,18368,7477,529,8006,
Western,Kibaale,Muhorro,6516,332,6848,2546,505,3051,
Western,Kibaale,Muhorro  Town Council,7967,3153,11120,1469,3256,4725,
Western,Kibaale,Ndaiga,3850,1016,4866,586,815,1401,
Western,Kibaale,Paacwa,7140,615,7755,1899,1429,3328,
Western,Kibaale,Rugashari,7288,230,7518,3011,375,3386,
Western,Kibaale,Ruteete,5362,422,5784,1577,787,2364,
Western,Kibaale,Bubango,7760,368,8128,2664,782,3446,
Western,Kibaale,Bwamiramira,8170,490,8660,2641,1008,3649,
Western,Kibaale,Kibaale Town Council,2834,643,3477,591,680,1271,
Western,Kibaale,Kyebando,10270,905,11175,2300,2094,4394,
Western,Kibaale,Matale,6931,1604,8535,2201,1506,3707,
Western,Kibaale,Mugarama,5628,203,5831,2229,174,2403,
Western,Kibaale,Nyamarunda,11896,324,12220,4405,423,4828,
Western,Kibaale,Nyamarwa,9297,173,9470,3682,115,3797,
Western,Kibaale,Kibaale Total,351592,29495,381087,113049,42710,155759,
Western,Kiruhura,Buremba,149,1383,1532,3137,1227,4364,
Western,Kiruhura,Burunga,310,1359,1669,2653,2059,4712,
Western,Kiruhura,Engari,203,1649,1852,2874,2237,5111,
Western,Kiruhura,Kanoni,155,1208,1363,3046,622,3668,
Western,Kiruhura,Kazo,284,1907,2191,4052,2034,6086,
Western,Kiruhura,Kazo Town Council,118,784,902,750,1788,2538,
Western,Kiruhura,Nkungu,225,1676,1901,2458,2895,5353,
Western,Kiruhura,Rwemikoma,326,1420,1746,2218,2547,4765,
Western,Kiruhura,Kanyaryeru,67,480,547,522,951,1473,
Western,Kiruhura,Kashongi,103,1818,1921,2509,2865,5374,
Western,Kiruhura,Kenshunga,171,1324,1495,1883,2269,4152,
Western,Kiruhura,Kikaatsi,146,1092,1238,1193,2301,3494,
Western,Kiruhura,Kinoni,167,1273,1440,1244,2737,3981,
Western,Kiruhura,Kiruhura Town Council,23,345,368,414,579,993,
Western,Kiruhura,Kitura,161,1047,1208,2809,471,3280,
Western,Kiruhura,Nyakashashara,199,781,980,1763,1039,2802,
Western,Kiruhura,Sanga,54,471,525,841,586,1427,
Western,Kiruhura,Sanga Town Council,42,580,622,922,718,1640,
Western,Kiruhura,Kiruhura Total,2903,20597,23500,35288,29925,65213,
Western,Kiryandongo,Bweyale Town Council,11459,3987,15446,2867,4061,6928,
Western,Kiryandongo,Kigumba,18972,1904,20876,7426,2250,9676,
Western,Kiryandongo,Kigumba Town Council,7192,2440,9632,802,3190,3992,
Western,Kiryandongo,Kiryandongo,36375,2591,38966,13433,3592,17025,
Western,Kiryandongo,Kiryandongo Refugee Camp,1686,4234,5920,343,3130,3473,
Western,Kiryandongo,Kiryandongo Town Council,2483,702,3185,491,704,1195,
Western,Kiryandongo,Masindi Port,4097,474,4571,1399,484,1883,
Western,Kiryandongo,Mutunda,26243,5048,31291,6486,6376,12862,
Western,Kiryandongo,Kiryandongo Total,108507,21380,129887,33247,23787,57034,
Western,Kisoro,Central Division,2256,711,2967,140,680,820,
Western,Kisoro,Northern Division,2103,966,3069,226,896,1122,
Western,Kisoro,Southern Division,2214,924,3138,221,974,1195,
Western,Kisoro,Bukimbiri,7152,687,7839,2470,855,3325,
Western,Kisoro,Busanza,7514,1544,9058,1506,2342,3848,
Western,Kisoro,Chahi,6702,2821,9523,1298,3006,4304,
Western,Kisoro,Kanaba,7336,667,8003,2769,903,3672,
Western,Kisoro,Kirundo,7261,2679,9940,1364,2804,4168,
Western,Kisoro,Muramba,15378,2713,18091,4651,3393,8044,
Western,Kisoro,Murora,8407,953,9360,2658,1305,3963,
Western,Kisoro,Nyabwishenya,4971,1881,6852,951,2503,3454,
Western,Kisoro,Nyakabande,9885,3151,13036,1646,3818,5464,
Western,Kisoro,Nyakinama,6773,3129,9902,770,3417,4187,
Western,Kisoro,Nyarubuye,7566,2076,9642,759,3191,3950,
Western,Kisoro,Nyarusiza,12456,2268,14724,3233,3354,6587,
Western,Kisoro,Nyundo,5045,1494,6539,1521,1324,2845,
Western,Kisoro,Kisoro Total,113019,28664,141683,26183,34765,60948,
Western,Kyegegwa,Hapuuyo,6812,2310,9122,20629,1199,21828,
Western,Kyegegwa,Kabweza Kyegegwa,1850,3183,5033,10904,1724,12628,
Western,Kyegegwa,Kakabara,5358,4104,9462,21960,1953,23913,
Western,Kyegegwa,Kasule,1642,3089,4731,10387,1275,11662,
Western,Kyegegwa,Kyegegwa Town Council,1356,2222,3578,7819,1967,9786,
Western,Kyegegwa,Mpara,2953,4609,7562,16354,2469,18823,
Western,Kyegegwa,Ruyonza,1786,3667,5453,12361,2248,14609,
Western,Kyegegwa,Rwentuha,3799,3391,7190,16389,1757,18146,
Western,Kyegegwa,Kyaka  Ii  Refugee Camp,2589,925,3514,7602,652,8254,
Western,Kyegegwa,Kyegegwa Total,28145,27500,55645,124405,15244,139649,
Western,Kyenjojo,Bufunjo,19387,4387,23774,5658,4295,9953,
Western,Kyenjojo,Bugaaki,11528,6270,17798,748,5317,6065,
Western,Kyenjojo,Butiiti,7536,2235,9771,1179,2742,3921,
Western,Kyenjojo,Butunduzi,5672,374,6046,1945,517,2462,
Western,Kyenjojo,Butunduzi Town Council,5588,1355,6943,729,2019,2748,
Western,Kyenjojo,Katooke,14764,2418,17182,3154,4119,7273,
Western,Kyenjojo,Katooke Town Council,6442,1068,7510,1478,1494,2972,
Western,Kyenjojo,Kigaraale,10089,1517,11606,1615,3156,4771,
Western,Kyenjojo,Kihuura,12590,2056,14646,2072,3744,5816,
Western,Kyenjojo,Kisojo,10189,832,11021,3418,1107,4525,
Western,Kyenjojo,Kyarusozi,23132,4925,28057,5135,6147,11282,
Western,Kyenjojo,Kyarusozi  Town Council,5958,1586,7544,860,1446,2306,
Western,Kyenjojo,Kyenjojo Town Council,10464,2451,12915,1571,2878,4449,
Western,Kyenjojo,Nyabuharwa,10604,1746,12350,2338,2779,5117,
Western,Kyenjojo,Nyankwanzi,11199,1930,13129,2096,3548,5644,
Western,Kyenjojo,Nyantungo,9952,2315,12267,1952,3108,5060,
Western,Kyenjojo,Kyenjojo Total,175094,37465,212559,35948,48416,84364,
Western,Masindi,Kigulya Division,5545,1083,6628,798,1741,2539,
Western,Masindi,Karujubu Division,10517,1816,12333,2810,1817,4627,
Western,Masindi,Nyangahya Division,5597,1453,7050,991,1559,2550,
Western,Masindi,Central Division,14848,7150,21998,782,6553,7335,
Western,Masindi,Budongo,22129,4574,26703,5193,5191,10384,
Western,Masindi,Bwijanga,22519,4962,27481,2769,7576,10345,
Western,Masindi,Kimengo,5417,2074,7491,535,1909,2444,
Western,Masindi,Miirya,9809,902,10711,2581,1442,4023,
Western,Masindi,Pakanyi,26563,2644,29207,7027,4816,11843,
Western,Masindi,Masindi Total,122944,26658,149602,23486,32604,56090,
Western,Mbarara,Kakoba Division,22485,11150,33635,1227,6107,7334,
Western,Mbarara,Kamukuzi Division,14976,7058,22034,662,4320,4982,
Western,Mbarara,Nyamitanga Division,10714,3215,13929,879,2539,3418,
Western,Mbarara,Biharwe Division,10855,1225,12080,3020,1344,4364,
Western,Mbarara,Kakiika Division,8985,3049,12034,918,2716,3634,
Western,Mbarara,Nyakayojo Division,19236,1860,21096,6001,1449,7450,
Western,Mbarara,Bubaare,7888,4859,12747,721,4026,4747,
Western,Mbarara,Bukiro,6431,1179,7610,1361,1699,3060,
Western,Mbarara,Kagongi,8513,2649,11162,1042,3542,4584,
Western,Mbarara,Kashare,9450,2489,11939,864,3976,4840,
Western,Mbarara,Rubaya,7864,2157,10021,531,3355,3886,
Western,Mbarara,Rubindi,9706,3155,12861,1163,3723,4886,
Western,Mbarara,Rwanyamahembe,11807,3198,15005,2144,3315,5459,
Western,Mbarara,Bugamba,14143,4023,18166,2646,4926,7572,
Western,Mbarara,Mwizi,15297,1504,16801,5037,2290,7327,
Western,Mbarara,Ndeija,14958,2186,17144,3828,2653,6481,
Western,Mbarara,Rugando,12439,2610,15049,2311,3310,5621,
Western,Mbarara,Mbarara Total,205747,57566,263313,34355,55290,89645,
Western,Mitooma,Bitereko,3402,2744,6146,11902,2321,14223,
Western,Mitooma,Kabira,850,1706,2556,3579,2216,5795,
Western,Mitooma,Kanyabwanga,2250,1465,3715,8283,844,9127,
Western,Mitooma,Kashenshero,1139,1427,2566,5010,1387,6397,
Western,Mitooma,Kashenshero Town Council,680,386,1066,2849,358,3207,
Western,Mitooma,Katenga,1292,2773,4065,6914,2717,9631,
Western,Mitooma,Kiyanga,963,2964,3927,8470,1418,9888,
Western,Mitooma,Mayanga,364,2157,2521,3742,1932,5674,
Western,Mitooma,Mitooma,782,3488,4270,6126,3715,9841,
Western,Mitooma,Mitooma Town Council,137,1053,1190,2263,1050,3313,
Western,Mitooma,Mutara,1649,3605,5254,8712,3463,12175,
Western,Mitooma,Rurehe,1368,1443,2811,4992,1156,6148,
Western,Mitooma,Mitooma Total,14876,25211,40087,72842,22577,95419,
Western,Ntoroko,Butungama,2893,1841,4734,579,1566,2145,
Western,Ntoroko,Bweramule,1983,1198,3181,170,1211,1381,
Western,Ntoroko,Kanara,3739,659,4398,742,746,1488,
Western,Ntoroko,Kanara Town Council,3506,975,4481,345,872,1217,
Western,Ntoroko,Karugutu,2806,239,3045,911,358,1269,
Western,Ntoroko,Karugutu Town Council,4615,862,5477,1210,923,2133,
Western,Ntoroko,Kibuuku Town Council,935,259,1194,146,279,425,
Western,Ntoroko,Nombe,3550,234,3784,1402,335,1737,
Western,Ntoroko,Rwebisengo,1210,1253,2463,90,983,1073,
Western,Ntoroko,Rwebisengo Town Council,1071,779,1850,54,586,640,
Western,Ntoroko,Ntoroko Total,26308,8299,34607,5649,7859,13508,
Western,Ntungamo,Central Division,3018,1073,4091,299,968,1267,
Western,Ntungamo,Eastern Division,2764,698,3462,255,783,1038,
Western,Ntungamo,Western Division,2138,681,2819,194,564,758,
Western,Ntungamo,Bwongyera,16503,966,17469,7278,879,8157,
Western,Ntungamo,Ihunga,10313,3547,13860,1869,3890,5759,
Western,Ntungamo,Kibatsi,7534,2513,10047,899,3270,4169,
Western,Ntungamo,Nyabihoko,10444,875,11319,3910,1045,4955,
Western,Ntungamo,Rwashamaire Town Council,2958,1014,3972,493,937,1430,
Western,Ntungamo,Itojo,9168,3141,12309,919,3877,4796,
Western,Ntungamo,Kitwe Town Council,7252,1944,9196,571,3079,3650,
Western,Ntungamo,Ntungamo,13310,3034,16344,3205,3389,6594,
Western,Ntungamo,Nyakyera,15053,3870,18923,2877,5375,8252,
Western,Ntungamo,Ruhaama,18024,3159,21183,3987,4679,8666,
Western,Ntungamo,Rukoni East,10165,1605,11770,2662,2348,5010,
Western,Ntungamo,Rukoni West,5948,2486,8434,385,3236,3621,
Western,Ntungamo,Rweikiniro,15052,3005,18057,2316,5417,7733,
Western,Ntungamo,Kayonza,12978,2011,14989,2927,2648,5575,
Western,Ntungamo,Ngoma,13177,1363,14540,3632,1958,5590,
Western,Ntungamo,Rubaare,10117,3238,13355,1722,3591,5313,
Western,Ntungamo,Rubaare Town Council,5595,1971,7566,674,1719,2393,
Western,Ntungamo,Rugarama,12753,3506,16259,2608,4077,6685,
Western,Ntungamo,Ntungamo Total,204264,45700,249964,43682,57729,101411,
Western,Rubirizi,Katanda,8661,149,8810,4086,87,4173,
Western,Rubirizi,Katerera,5082,103,5185,2199,38,2237,
Western,Rubirizi,Katerera Town Council,4685,85,4770,1791,66,1857,
Western,Rubirizi,Katunguru,2332,88,2420,450,96,546,
Western,Rubirizi,Kichwamba,8285,327,8612,3472,315,3787,
Western,Rubirizi,Kirugu,5598,139,5737,2312,108,2420,
Western,Rubirizi,Kyabakara,5965,218,6183,2370,302,2672,
Western,Rubirizi,Magambo,5579,180,5759,2474,164,2638,
Western,Rubirizi,Rubirizirz Town Council,4237,135,4372,1628,76,1704,
Western,Rubirizi,Rutoto,6194,343,6537,2823,286,3109,
Western,Rubirizi,Ryeru,6199,329,6528,2751,357,3108,
Western,Rubirizi,Rubirizi Total,62817,2096,64913,26356,1895,28251,
Western,Rukungiri,Buyanja,14938,5215,20153,2426,5370,7796,
Western,Rukungiri,Kebisoni,9116,4888,14004,481,5365,5846,
Western,Rukungiri,Nyakishenyi,15513,1689,17202,5150,2192,7342,
Western,Rukungiri,Nyarushanje,17590,6359,23949,3289,6006,9295,
Western,Rukungiri,Bugangari,11617,4014,15631,881,5581,6462,
Western,Rukungiri,Buhunga,8373,3356,11729,1545,3630,5175,
Western,Rukungiri,Bwambara,12196,2474,14670,2091,3591,5682,
Western,Rukungiri,Nyakagyeme,12624,4838,17462,949,6123,7072,
Western,Rukungiri,Ruhinda,7614,5733,13347,803,5007,5810,
Western,Rukungiri,Eastern Divison,5568,1124,6692,1166,1269,2435,
Western,Rukungiri,Southern Division,3653,1620,5273,207,1515,1722,
Western,Rukungiri,Western Division,6126,2058,8184,529,2195,2724,
Western,Rukungiri,Rukungiri Total,124928,43368,168296,19517,47844,67361,
Western,Sheema,Kashozi,484,2389,2873,5791,1955,7746,
Western,Sheema,Bugongi Town Council,228,2288,2516,4774,1656,6430,
Western,Sheema,Kabwohe Itendero T. C.,957,2542,3499,8790,2793,11583,
Western,Sheema,Kagango,2174,2151,4325,9319,1715,11034,
Western,Sheema,Kasaana,796,2971,3767,7136,1920,9056,
Western,Sheema,Kigarama,1280,3305,4585,8870,2715,11585,
Western,Sheema,Rugarama,1668,625,2293,4778,498,5276,
Western,Sheema,Kitagata,1169,2740,3909,7353,2678,10031,
Western,Sheema,Kyangyenyi,2398,4383,6781,13003,3864,16867,
Western,Sheema,Masheruka,558,2852,3410,6838,2345,9183,
Western,Sheema,Shuuku,282,2241,2523,4875,1568,6443,
Western,Sheema,Sheema Town Council,436,2900,3336,7075,2320,9395,
Western,Sheema,Sheema Total,12430,31387,43817,88602,26027,114629,
Northern,Abim,Abim,5482,438,5920,2388,685,3073,
Northern,Abim,Abim Town Council,7665,932,8597,2941,1066,4007,
Northern,Abim,Alerek,7364,683,8047,3279,786,4065,
Northern,Abim,Lotukei,10190,904,11094,4262,1226,5488,
Northern,Abim,Morulem,9670,953,10623,3824,1251,5075,
Northern,Abim,Nyakwae,6394,388,6782,2638,641,3279,
Northern,Abim,Abim Total,46765,4298,51063,19332,5655,24987,
Northern,Adjumani,Adjumani Town Council,13185,6077,19262,3348,4914,8262,
Northern,Adjumani,Adropi,4382,1271,5653,561,2060,2621,
Northern,Adjumani,Arinyapi,5495,389,5884,2098,509,2607,
Northern,Adjumani,Ciforo,6024,1324,7348,1354,1749,3103,
Northern,Adjumani,Dzaipi,9948,8782,18730,2524,6569,9093,
Northern,Adjumani,Itirikwa,5746,2024,7770,2166,1577,3743,
Northern,Adjumani,Ofua,4319,2354,6673,363,2895,3258,
Northern,Adjumani,Ukusijoni,5045,228,5273,2328,233,2561,
Northern,Adjumani,Pacara,3838,4619,8457,638,3513,4151,
Northern,Adjumani,Pakele,11417,10076,21493,3997,7245,11242,
Northern,Adjumani,Adjumani Total,69399,37144,106543,19377,31264,50641,
Northern,Agago,Adilang,8252,1203,9455,2841,1734,4575,
Northern,Agago,Agago Town Council,2691,120,2811,1111,119,1230,
Northern,Agago,Arum,4926,586,5512,1843,877,2720,
Northern,Agago,Kalongo Town Council,4937,704,5641,1532,839,2371,
Northern,Agago,Kotomol,5535,656,6191,2036,905,2941,
Northern,Agago,Lamiyo,3667,392,4059,1266,637,1903,
Northern,Agago,Lapono,9319,859,10178,3363,1402,4765,
Northern,Agago,Lira Palwo,6035,1661,7696,1376,2329,3705,
Northern,Agago,Lokole,6974,252,7226,3104,287,3391,
Northern,Agago,Omiya Pacwa,4865,520,5385,1698,705,2403,
Northern,Agago,Omot,5883,430,6313,2307,665,2972,
Northern,Agago,Paimol,9549,575,10124,3737,857,4594,
Northern,Agago,Parabongo,4868,432,5300,1995,520,2515,
Northern,Agago,Patongo,4413,795,5208,1577,875,2452,
Northern,Agago,Patongo Town Council,4376,1309,5685,1124,1329,2453,
Northern,Agago,Wol,7927,3117,11044,2033,2932,4965,
Northern,Agago,Agago Total,94217,13611,107828,32943,17012,49955,
Northern,Alebtong,Abako,10097,2155,12252,2342,3139,5481,
Northern,Alebtong,Abia,7511,4106,11617,2648,2448,5096,
Northern,Alebtong,Akura,10770,970,11740,4246,1291,5537,
Northern,Alebtong,Alebtong Town Council,2779,621,3400,597,872,1469,
Northern,Alebtong,Aloi,13791,1735,15526,4440,2882,7322,
Northern,Alebtong,Amugu,11799,1766,13565,3902,2470,6372,
Northern,Alebtong,Apala,7902,2182,10084,1033,3492,4525,
Northern,Alebtong,Awei,11536,2710,14246,3058,3894,6952,
Northern,Alebtong,Omoro,12596,8582,21178,3289,6455,9744,
Northern,Alebtong,Alebtong Total,88781,24827,113608,25555,26943,52498,
Northern,Amolatar,Agikdak,4991,416,5407,1949,479,2428,
Northern,Amolatar,Agwingiri,6655,970,7625,2229,1103,3332,
Northern,Amolatar,Akwon,3223,587,3810,889,865,1754,
Northern,Amolatar,Amolatar Town Council,4659,1037,5696,1303,1251,2554,
Northern,Amolatar,Aputi,6494,919,7413,2523,940,3463,
Northern,Amolatar,Arwotcek,6966,1312,8278,2477,1317,3794,
Northern,Amolatar,Awelo,5309,453,5762,2041,632,2673,
Northern,Amolatar,Etam,5651,1492,7143,1270,2197,3467,
Northern,Amolatar,Muntu,5714,737,6451,1966,1086,3052,
Northern,Amolatar,Namasale,9440,1102,10542,2929,1143,4072,
Northern,Amolatar,Namasale Town Council,5254,389,5643,1195,557,1752,
Northern,Amolatar,Amolatar Total,64356,9414,73770,20771,11570,32341,
Northern,Amudat,Amudat,5802,4991,10793,2515,3523,6038,
Northern,Amudat,Amudat Town Council,3942,1909,5851,1205,1404,2609,
Northern,Amudat,Karita,11513,1719,13232,4612,2063,6675,
Northern,Amudat,Loroo,10082,1670,11752,5072,2095,7167,
Northern,Amudat,Amudat Total,31339,10289,41628,13404,9085,22489,
Northern,Amuru,Amuru,17146,2286,19432,6681,2680,9361,
Northern,Amuru,Amuru Town Council,2644,1479,4123,778,1314,2092,
Northern,Amuru,Attiak,12756,4118,16874,3100,4039,7139,
Northern,Amuru,Lamogi,16165,5941,22106,5650,5339,10989,
Northern,Amuru,Pabo,22555,2220,24775,8547,3783,12330,
Northern,Amuru,Amuru Total,71266,16044,87310,24756,17155,41911,
Northern,Apac,Abongomola,13448,3708,17156,1831,6347,8178,
Northern,Apac,Aduku,13928,1360,15288,4988,1860,6848,
Northern,Apac,Aduku Town Council,3651,462,4113,1295,354,1649,
Northern,Apac,Chawente,15619,1262,16881,5967,1664,7631,
Northern,Apac,Inomo,13304,2097,15401,4005,2947,6952,
Northern,Apac,Nambieso,21743,1656,23399,7667,3418,11085,
Northern,Apac,Akokoro,17848,3557,21405,4431,4420,8851,
Northern,Apac,Apac,23222,3622,26844,7117,5392,12509,
Northern,Apac,Apac Town Council,5510,2253,7763,1042,1997,3039,
Northern,Apac,Chegere,12209,6102,18311,2382,5828,8210,
Northern,Apac,Ibuje,18956,1043,19999,7462,1692,9154,
Northern,Apac,Apac Total,159438,27122,186560,48187,35919,84106,
Northern,Arua,Arua Hill Division,4952,4303,9255,440,3467,3907,
Northern,Arua,River Oli Division,12872,9871,22743,1302,8841,10143,
Northern,Arua,Adumi,12390,3039,15429,2873,3614,6487,
Northern,Arua,Aroi,10126,2777,12903,2809,2625,5434,
Northern,Arua,Ayivuni,9714,1876,11590,2521,2484,5005,
Northern,Arua,Dadamu,16412,5221,21633,4074,5649,9723,
Northern,Arua,Manibe,12210,2981,15191,1432,4934,6366,
Northern,Arua,Oluko,15596,4985,20581,4320,4344,8664,
Northern,Arua,Pajulu,23717,7524,31241,5977,7576,13553,
Northern,Arua,Anyiribu,3363,861,4224,313,1433,1746,
Northern,Arua,Ewanga,3484,514,3998,1368,414,1782,
Northern,Arua,Offaka,8043,2004,10047,2112,1935,4047,
Northern,Arua,Ogoko,8327,1969,10296,2323,1507,3830,
Northern,Arua,Okollo,9281,265,9546,3574,197,3771,
Northern,Arua,Pawor,4331,466,4797,1341,553,1894,
Northern,Arua,Rhino Camp,9877,2478,12355,2750,2339,5089,
Northern,Arua,Rigbo,11548,1614,13162,3820,1681,5501,
Northern,Arua,Uleppi,3841,762,4603,1184,681,1865,
Northern,Arua,Aii-Vu,16303,4382,20685,3432,5257,8689,
Northern,Arua,Bileafe,8246,2692,10938,1828,2795,4623,
Northern,Arua,Katrini,13833,2306,16139,4078,3039,7117,
Northern,Arua,Omugo,17699,4451,22150,5201,3952,9153,
Northern,Arua,Odupi,15040,4766,19806,3849,4258,8107,
Northern,Arua,Uriama,11765,324,12089,4654,293,4947,
Northern,Arua,Ajia,11297,3037,14334,2187,3642,5829,
Northern,Arua,Arivu,11183,871,12054,3981,1059,5040,
Northern,Arua,Logiri,16676,1646,18322,5561,2313,7874,
Northern,Arua,Vurra,18582,4648,23230,5239,4637,9876,
Northern,Arua,Arua Total,320708,82633,403341,84543,85519,170062,
Northern,Dokolo,Adeknino,7601,207,7808,3726,141,3867,
Northern,Dokolo,Adok,8566,389,8955,3861,362,4223,
Northern,Dokolo,Agwata,9627,926,10553,3696,1322,5018,
Northern,Dokolo,Amwoma,6942,431,7373,3001,422,3423,
Northern,Dokolo,Batta,9070,311,9381,4184,277,4461,
Northern,Dokolo,Dokolo,7370,454,7824,3086,558,3644,
Northern,Dokolo,Dokolo Town Council,9089,1392,10481,3173,1454,4627,
Northern,Dokolo,Kangai,7820,553,8373,3648,468,4116,
Northern,Dokolo,Kwera,6398,248,6646,2922,235,3157,
Northern,Dokolo,Okwalongwen,6426,902,7328,2687,611,3298,
Northern,Dokolo,Okwongodul,6505,211,6716,2998,272,3270,
Northern,Dokolo,Dokolo Total,85414,6024,91438,36982,6122,43104,
Northern,Gulu,Bar Dege Division,1414,6437,11619,18056,8588,35456,44044
Northern,Gulu,Laroo Division,579,4592,8823,13415,6942,25909,32851
Northern,Gulu,Layibi Division,1531,5964,13710,19674,7185,35664,42849
Northern,Gulu,Pece Division,1091,8370,15595,23965,10687,44373,55060
Northern,Gulu,Awach,3546,937,8015,8952,1009,18874,19883
Northern,Gulu,Bungatira,3701,3924,13333,17257,3544,32824,36368
Northern,Gulu,Paicho,3615,2001,10174,12175,1466,24440,25906
Northern,Gulu,Palaro,2507,530,5865,6395,382,13109,13491
Northern,Gulu,Patiko,2629,1733,7296,9029,1374,18352,19726
Northern,Gulu,Unyama,1888,2013,6619,8632,2022,16993,19015
Northern,Gulu,Bobi,3938,2616,12153,14769,2410,28912,31322
Northern,Gulu,Koro,3956,2379,11970,14349,2072,27365,29437
Northern,Gulu,Lakwana,1119,3268,7193,10461,2089,18761,20850
Northern,Gulu,Lalogi,4305,2551,12501,15052,2145,29628,31773
Northern,Gulu,Odek,4130,3121,13536,16657,1903,31322,33225
Northern,Gulu,Ongako,3891,1261,10594,11855,1311,23112,24423
Northern,Gulu,Gulu Total,43840,51697,168996,220693,55129,425094,480223
Northern,Kaabong,Kaabong East,2972,2010,4982,795,1463,2258,
Northern,Kaabong,Kaabong Town Council,3911,2522,6433,933,1632,2565,
Northern,Kaabong,Kaabong West,5602,1441,7043,1927,744,2671,
Northern,Kaabong,Kalapata,7868,4119,11987,3243,2451,5694,
Northern,Kaabong,Kamion,2844,365,3209,992,265,1257,
Northern,Kaabong,Kapedo,6236,1245,7481,2262,709,2971,
Northern,Kaabong,Kathile,8855,1682,10537,3170,1131,4301,
Northern,Kaabong,Kawalakol,5927,696,6623,1993,958,2951,
Northern,Kaabong,Lobalangit,3394,356,3750,1082,436,1518,
Northern,Kaabong,Lodiko,1253,1968,3221,458,974,1432,
Northern,Kaabong,Lolelia,3542,295,3837,1325,173,1498,
Northern,Kaabong,Loyoro,311,1528,1839,72,749,821,
Northern,Kaabong,Napore Karenga,5346,1910,7256,1784,1373,3157,
Northern,Kaabong,Sidok,5672,1365,7037,1612,941,2553,
Northern,Kaabong,Kaabong Total,63733,21502,85235,21648,13999,35647,
Northern,Kitgum,Central Division,11487,2563,14050,3740,1934,5674,
Northern,Kitgum,Pager Division,12753,5651,18404,3151,4232,7383,
Northern,Kitgum,Labongo Akwang,13002,5697,18699,3096,4528,7624,
Northern,Kitgum,Labongo Amida,2572,1623,4195,949,911,1860,
Northern,Kitgum,Labongo Layamo,1279,98,1377,511,107,618,
Northern,Kitgum,Lagoro,4957,683,5640,1858,725,2583,
Northern,Kitgum,Mucwini,7403,3195,10598,1920,2699,4619,
Northern,Kitgum,Namokora,4023,2977,7000,616,2578,3194,
Northern,Kitgum,Omiya Anyima,7965,2216,10181,2651,2146,4797,
Northern,Kitgum,Orom,12067,1137,13204,5069,995,6064,
Northern,Kitgum,Kitgum Total,77508,25840,103348,23561,20855,44416,
Northern,Koboko,Northern Divison,4662,4787,9449,969,4022,4991,
Northern,Koboko,Southern Division,1046,335,1381,104,496,600,
Northern,Koboko,Western Division,9740,5036,14776,1862,4897,6759,
Northern,Koboko,Abuku,4196,2709,6905,1065,2066,3131,
Northern,Koboko,Dranya,5676,706,6382,1910,862,2772,
Northern,Koboko,Kuluba,17811,2543,20354,5209,2771,7980,
Northern,Koboko,Lobule,14662,1119,15781,6003,1297,7300,
Northern,Koboko,Ludara,12861,2445,15306,3298,3222,6520,
Northern,Koboko,Midia,7451,3049,10500,1550,3067,4617,
Northern,Koboko,Koboko Total,78105,22729,100834,21970,22700,44670,
Northern,Kole,Aboke,22168,1750,23918,7971,2488,10459,
Northern,Kole,Akalo,12752,2072,14824,3655,3096,6751,
Northern,Kole,Alito,15588,3584,19172,1430,7289,8719,
Northern,Kole,Ayer,16119,2116,18235,4949,3461,8410,
Northern,Kole,Bala,21281,1699,22980,7680,2801,10481,
Northern,Kole,Kole Town Council,4335,311,4646,1564,380,1944,
Northern,Kole,Okwerodot,15930,806,16736,5886,1595,7481,
Northern,Kole,Kole Total,108173,12338,120511,33135,21110,54245,
Northern,Kotido,Kacheri,4019,10462,14481,1323,5099,6422,
Northern,Kotido,Kotido,6242,9299,15541,1934,5082,7016,
Northern,Kotido,Kotido Town Council,3885,3210,7095,759,2085,2844,
Northern,Kotido,Nakapelimoru,4433,5855,10288,1030,2944,3974,
Northern,Kotido,Panyangara,11959,7094,19053,4255,3951,8206,
Northern,Kotido,Rengen,10543,6005,16548,4279,3617,7896,
Northern,Kotido,Kotido Total,41081,41925,83006,13580,22778,36358,
Northern,Lamwo,Agoro,6885,1658,8543,2084,1709,3793,
Northern,Lamwo,Lamwo Town Council,2762,1165,3927,797,1014,1811,
Northern,Lamwo,Palabek Gem,5872,1551,7423,1672,1605,3277,
Northern,Lamwo,Madi  Opei,4817,999,5816,1800,805,2605,
Northern,Lamwo,Padibe West,4675,1339,6014,1325,1446,2771,
Northern,Lamwo,Lokung,7176,758,7934,2642,904,3546,
Northern,Lamwo,Padibe East,4024,463,4487,1381,661,2042,
Northern,Lamwo,Palabek Kal,5816,1452,7268,1148,2111,3259,
Northern,Lamwo,Palabek Ogili,3628,1102,4730,409,1568,1977,
Northern,Lamwo,Paloga,3713,693,4406,1419,639,2058,
Northern,Lamwo,Padibe Town Council,4417,496,4913,1782,517,2299,
Northern,Lamwo,Lamwo Total,53785,11676,65461,16459,12979,29438,
Northern,Lira,Adyel Division,11232,7091,18323,1309,5197,6506,
Northern,Lira,Central Division,10704,3108,13812,1950,2420,4370,
Northern,Lira,Ojwina Division,17080,5328,22408,3611,3741,7352,
Northern,Lira,Railway Division,2537,925,3462,258,859,1117,
Northern,Lira,Adekokwok,18887,2531,21418,6608,2226,8834,
Northern,Lira,Agali,11556,1075,12631,4373,1250,5623,
Northern,Lira,Agweng,13050,1143,14193,4776,1610,6386,
Northern,Lira,Amach,15481,1972,17453,5131,2807,7938,
Northern,Lira,Aromo,9163,6585,15748,2032,5136,7168,
Northern,Lira,Barr,20329,2385,22714,6716,3485,10201,
Northern,Lira,Lira,14913,3736,18649,3738,4288,8026,
Northern,Lira,Ngetta,11953,4823,16776,3651,3662,7313,
Northern,Lira,Ogur,10044,7834,17878,2652,5335,7987,
Northern,Lira,Lira Total,166929,48536,215465,46805,42016,88821,
Northern,Maracha,Kijomoro,11548,3398,14946,1395,5506,6901,
Northern,Maracha,Maracha Town Council,3862,754,4616,924,1049,1973,
Northern,Maracha,Nyadri,7610,1922,9532,1009,3260,4269,
Northern,Maracha,Oleba,11973,3825,15798,1502,5247,6749,
Northern,Maracha,Oluffe,10900,819,11719,4063,898,4961,
Northern,Maracha,Oluvu,11534,3246,14780,2862,3643,6505,
Northern,Maracha,Tara,7962,319,8281,3099,475,3574,
Northern,Maracha,Yivu,11584,1013,12597,4681,688,5369,
Northern,Maracha,Maracha Total,76973,15296,92269,19535,20766,40301,
Northern,Moyo ,Aliba,6833,654,7487,2676,1242,3918,
Northern,Moyo ,Gimara,5930,602,6532,2153,667,2820,
Northern,Moyo ,Itula,5886,981,6867,1795,1107,2902,
Northern,Moyo ,Difule,5260,191,5451,2461,181,2642,
Northern,Moyo ,Laropi,4368,617,4985,1443,679,2122,
Northern,Moyo ,Lefori,5952,228,6180,2560,261,2821,
Northern,Moyo ,Metu,13034,2454,15488,3543,3035,6578,
Northern,Moyo ,Moyo,11046,1853,12899,3219,2012,5231,
Northern,Moyo ,Moyo Town Council,4205,1600,5805,903,1465,2368,
Northern,Moyo ,Moyo Total,62514,9180,71694,20753,10649,31402,
Northern,Nakapiripirit,Loregae,10044,418,10462,4492,117,4609,
Northern,Nakapiripirit,Moruita,7383,776,8159,2779,511,3290,
Northern,Nakapiripirit,Nakapiripirit Town Council,1718,297,2015,414,273,687,
Northern,Nakapiripirit,Namalu,11795,1876,13671,4209,1101,5310,
Northern,Nakapiripirit,Kakomongole,6603,1395,7998,2833,674,3507,
Northern,Nakapiripirit,Lolachat,11697,2614,14311,5264,2113,7377,
Northern,Nakapiripirit,Lorengedwat,2560,614,3174,954,381,1335,
Northern,Nakapiripirit,Nabilatuk,6896,4803,11699,3076,2997,6073,
Northern,Nakapiripirit,Nakapiripirit Total,58696,12793,71489,24021,8167,32188,
Northern,Napak,Iriiri,14412,5794,20206,4476,4797,9273,
Northern,Napak,Lorengecora,3972,754,4726,1484,515,1999,
Northern,Napak,Lotome,4098,1521,5619,1537,769,2306,
Northern,Napak,Matany,6639,5002,11641,1230,3036,4266,
Northern,Napak,Napak Town Council,2096,184,2280,784,134,918,
Northern,Napak,Ngoleriet,3051,5405,8456,787,2801,3588,
Northern,Napak,Lokopo,5340,4995,10335,1680,2384,4064,
Northern,Napak,Lopeei,1421,4957,6378,708,2062,2770,
Northern,Napak,Napak Total,41029,28612,69641,12686,16498,29184,
Northern,Nebbi,Alwi,8393,775,9168,2543,1303,3846,
Northern,Nebbi,Pakwach,9729,666,10395,3563,773,4336,
Northern,Nebbi,Pakwach Town Council,8955,3177,12132,2162,2979,5141,
Northern,Nebbi,Panyango,12736,1113,13849,4512,1490,6002,
Northern,Nebbi,Panyimur,18164,3221,21385,3174,5289,8463,
Northern,Nebbi,Wadelai,10427,1200,11627,3144,1762,4906,
Northern,Nebbi,Akworo,11079,1371,12450,2925,2691,5616,
Northern,Nebbi,Atego,4638,256,4894,1711,465,2176,
Northern,Nebbi,Erussi,13339,3567,16906,2036,6155,8191,
Northern,Nebbi,Kucwiny,14381,1515,15896,4344,2417,6761,
Northern,Nebbi,Ndhew,9866,321,10187,4436,272,4708,
Northern,Nebbi,Nebbi,10585,1928,12513,2204,3209,5413,
Northern,Nebbi,Nebbi Town Council,14757,4008,18765,3377,4390,7767,
Northern,Nebbi,Nyaravur,7550,2711,10261,1583,2804,4387,
Northern,Nebbi,Parombo,14137,3472,17609,3000,4974,7974,
Northern,Nebbi,Nebbi Total,168736,29301,198037,44714,40973,85687,
Northern,Nwoya,Alero,16806,2908,19714,3316,5777,9093,
Northern,Nwoya,Anaka Payira,4413,892,5305,471,1976,2447,
Northern,Nwoya,Koch-Goma,14559,2586,17145,1994,5751,7745,
Northern,Nwoya,Anaka Town Council,5362,1303,6665,416,2521,2937,
Northern,Nwoya,Purongo,12726,2684,15410,1271,5191,6462,
Northern,Nwoya,Nwoya Total,53866,10373,64239,7468,21216,28684,
Northern,Otuke,Adwari,5041,100,5141,2241,80,2321,
Northern,Otuke,Alango,5982,219,6201,2644,126,2770,
Northern,Otuke,Ogor,6854,477,7331,2790,527,3317,
Northern,Otuke,Ogwette,7147,264,7411,2787,413,3200,
Northern,Otuke,Okwang,10029,711,10740,3739,1074,4813,
Northern,Otuke,Olilim,5978,872,6850,1940,1119,3059,
Northern,Otuke,Orum,4816,250,5066,1863,376,2239,
Northern,Otuke,Otuke Town Council,3185,81,3266,1218,44,1262,
Northern,Otuke,Otuke Total,49032,2974,52006,19222,3759,22981,
Northern,Oyam,Aber,13689,2895,16584,3316,4495,7811,
Northern,Oyam,Abok,8134,532,8666,2978,939,3917,
Northern,Oyam,Acaba,12275,1922,14197,3196,3244,6440,
Northern,Oyam,Aleka,11418,3123,14541,2827,3772,6599,
Northern,Oyam,Iceme,20921,2463,23384,7221,3213,10434,
Northern,Oyam,Kamdini,16258,4071,20329,3299,5595,8894,
Northern,Oyam,Loro,23953,4074,28027,6976,5465,12441,
Northern,Oyam,Minakulu,15434,3139,18573,4003,4656,8659,
Northern,Oyam,Myene,10365,3094,13459,2347,3883,6230,
Northern,Oyam,Ngai,12149,2345,14494,3384,3133,6517,
Northern,Oyam,Otwal,10621,2445,13066,2448,3346,5794,
Northern,Oyam,Oyam Town Council,5035,985,6020,1333,1227,2560,
Northern,Oyam,Oyam Total,160252,31088,191340,43328,42968,86296,
Northern,Pader,Acholibur,5684,1245,6929,1784,1444,3228,
Northern,Pader,Angagura,4261,245,4506,1852,247,2099,
Northern,Pader,Atanga,6578,1104,7682,2619,887,3506,
Northern,Pader,Awere,8900,569,9469,4043,542,4585,
Northern,Pader,Laguti,5742,796,6538,2030,1056,3086,
Northern,Pader,Lapul,7937,1101,9038,2907,1155,4062,
Northern,Pader,Latanya,6292,979,7271,2238,1302,3540,
Northern,Pader,Ogom,3392,771,4163,1044,804,1848,
Northern,Pader,Pader,3155,1632,4787,567,1443,2010,
Northern,Pader,Pader Town Council,4176,2419,6595,630,2180,2810,
Northern,Pader,Pajule,9263,1893,11156,3787,1671,5458,
Northern,Pader,Puranga,7836,1300,9136,2460,1892,4352,
Northern,Pader,Pader Total,73216,14054,87270,25961,14623,40584,
Northern,Yumbe,Apo,14841,1218,16059,8346,1927,10273,
Northern,Yumbe,Ariwa,9033,1551,10584,2877,2925,5802,
Northern,Yumbe,Drajini,13390,407,13797,7232,235,7467,
Northern,Yumbe,Kei,15689,2905,18594,7077,3881,10958,
Northern,Yumbe,Kerwa,12653,2349,15002,5423,2757,8180,
Northern,Yumbe,Kochi,15249,2562,17811,7857,2985,10842,
Northern,Yumbe,Kululu,13127,2070,15197,6619,2344,8963,
Northern,Yumbe,Kuru,15590,2027,17617,7433,3433,10866,
Northern,Yumbe,Lodonga,12572,1310,13882,6239,2026,8265,
Northern,Yumbe,Midigo,12409,1423,13832,9234,1453,10687,
Northern,Yumbe,Odravu,15822,3375,19197,5605,4589,10194,
Northern,Yumbe,Romogi,16163,1419,17582,10603,3020,13623,
Northern,Yumbe,Yumbe Town Council,10851,4247,15098,3515,5245,8760,
Northern,Yumbe,Yumbe Total,177389,26863,204252,88060,36820,124880,
Northern,Zombo,Abanga,7677,822,90.3,2531,1413,64.2,
Northern,Zombo,Atyak,8823,1611,84.6,2612,2069,55.8,
Northern,Zombo,Jangokoro,13643,992,93.2,5387,1235,81.4,
Northern,Zombo,Kango,14829,1650,90,5697,1658,77.5,
Northern,Zombo,Nyapea,9641,690,93.3,3307,1193,73.5,
Northern,Zombo,Paidha,6935,635,91.6,2718,659,80.5,
Northern,Zombo,Paidha Town Council,13392,2828,82.6,3556,3679,49.1,
Northern,Zombo,Warr,8420,724,92.1,3487,572,85.9,
Northern,Zombo,Zeu,15531,1157,93.1,5601,2051,73.2,
Northern,Zombo,Zombo Town Council,5338,449,92.2,2003,571,77.8,
Northern,Zombo,Zombo Total,104229,11558,90,36899,15100,71,
Central,Buikwe,Central Division,14062,7187,21249,818,6254,7072,
Central,Buikwe,Kawolo Division,13629,7320,20949,1629,6845,8474,
Central,Buikwe,Najjembe Division,13857,3189,17046,2706,4308,7014,
Central,Buikwe,Buikwe,6479,2302,8781,1496,2738,4234,
Central,Buikwe,Buikwe Town Council,5700,2612,8312,604,3237,3841,
Central,Buikwe,Najja,15499,6234,21733,2359,7278,9637,
Central,Buikwe,Ngogwe,12613,4532,17145,2368,5691,8059,
Central,Buikwe,Njeru Town Council,23729,13917,37646,1656,11523,13179,
Central,Buikwe,Nkokonjeru Town Council,3651,814,4465,1103,714,1817,
Central,Buikwe,Nyenga,19641,4370,24011,4276,6137,10413,
Central,Buikwe,Ssi-Bukunja,10663,2478,13141,1352,3757,5109,
Central,Buikwe,Wakisi,14370,6835,21205,1667,7330,8997,
Central,Buikwe,Buikwe Total,153893,61790,215683,22034,65812,87846,
Central,Bukomansimbi,Bigasa,16850,3282,20132,3050,6863,9913,
Central,Bukomansimbi,Bukomansimbi  Town Council,4084,885,4969,602,1483,2085,
Central,Bukomansimbi,Butenga,15139,3681,18820,3083,5788,8871,
Central,Bukomansimbi,Kibinge,12633,3849,16482,1738,5847,7585,
Central,Bukomansimbi,Kitanda,12276,1407,13683,3752,3062,6814,
Central,Bukomansimbi,Bukomansimbi Total,60982,13104,74086,12225,23043,35268,
Central,Butambala,Budde,4708,2110,6818,1045,2069,3114,
Central,Butambala,Bulo,6925,1870,8795,1541,2973,4514,
Central,Butambala,Gombe Town Council,5289,2249,7538,511,3129,3640,
Central,Butambala,Kalamba,6867,2546,9413,823,3873,4696,
Central,Butambala,Kibibi,4356,2534,6890,228,2972,3200,
Central,Butambala,Ngando,6001,2508,8509,912,3673,4585,
Central,Butambala,Butambala Total,34146,13817,47963,5060,18689,23749,
Central,Buvuma,Bugaya,2276,644,2920,143,420,563,
Central,Buvuma,Busamuzi,6821,1330,8151,1352,1403,2755,
Central,Buvuma,Buvuma Town Council,4445,717,5162,753,778,1531,
Central,Buvuma,Buwooya,5248,198,5446,2033,183,2216,
Central,Buvuma,Bweema,4776,515,5291,471,523,994,
Central,Buvuma,Lubya,2818,983,3801,103,554,657,
Central,Buvuma,Lwajje,2460,340,2800,169,197,366,
Central,Buvuma,Lyabaana,3861,532,4393,111,159,270,
Central,Buvuma,Nairambi,8434,1664,10098,855,2027,2882,
Central,Buvuma,Buvuma Total,41139,6923,48062,5990,6244,12234,
Central,Gomba,Kabulasoke,2064,9278,11342,19449,4746,24195,
Central,Gomba,Kanoni Town Council,266,2411,2677,4276,1977,6253,
Central,Gomba,Kyegonza,1611,5388,6999,10396,4245,14641,
Central,Gomba,Maddu,2116,5061,7177,14283,3885,18168,
Central,Gomba,Mpenja,1445,5834,7279,11359,4712,16071,
Central,Gomba,Gomba Total,7502,27972,35474,59763,19565,79328,
Central,Kalangala,Bujumba,6708,868,7576,323,630,953,
Central,Kalangala,Kalangala Town Council,2427,475,2902,169,477,646,
Central,Kalangala,Mugoye,5906,1044,6950,311,1258,1569,
Central,Kalangala,Bubeke,2844,474,3318,85,206,291,
Central,Kalangala,Bufumira,5516,729,6245,273,446,719,
Central,Kalangala,Kyamuswa,2587,435,3022,176,177,353,
Central,Kalangala,Mazinga,3171,538,3709,81,112,193,
Central,Kalangala,Kalangala Total,29159,4563,33722,1418,3306,4724,
Central,Kalungu,Bukulula,2305,22501,5975,34326,1180,21040,
Central,Kalungu,Kalungu,2002,19133,5301,29907,684,18354,
Central,Kalungu,Kalungu Town Council,454,3883,1262,6184,198,3677,
Central,Kalungu,Kyamulibwa,1677,17720,3145,27440,494,16859,
Central,Kalungu,Lukaya Town Council,1164,11318,1985,19595,402,10449,
Central,Kalungu,Lwabenge,1737,18285,3972,27674,734,16938,
Central,Kalungu,Kalungu Total,9339,92840,21640,145126,3692,87317,
Central,Kampala,Central Division,33704,19237,52941,1451,9802,11253,
Central,Kampala,Kawempe Division,132381,78771,211152,6173,45854,52027,
Central,Kampala,Lubaga Division,148607,91189,239796,6378,53054,59432,
Central,Kampala,Makindye Division,164137,87246,251383,9056,53363,62419,
Central,Kampala,Nakawa Division,125995,76286,202281,5236,42261,47497,
Central,Kampala,Kampala Total,604824,352729,957553,28294,204334,232628,
Central,Kayunga,Bbaale,7392,1329,8721,1343,2046,3389,
Central,Kayunga,Galiraya,11324,581,11905,3986,671,4657,
Central,Kayunga,Kayonza,20784,6731,27515,2437,11338,13775,
Central,Kayunga,Kitimbwa,17811,3360,21171,4871,5891,10762,
Central,Kayunga,Busaana,22508,3620,26128,9050,4749,13799,
Central,Kayunga,Kangulumira,19587,6561,26148,3754,8608,12362,
Central,Kayunga,Kayunga,16184,3877,20061,3502,6401,9903,
Central,Kayunga,Kayunga Town Council,9881,4538,14419,946,4673,5619,
Central,Kayunga,Nazigo,15918,4349,20267,3896,6076,9972,
Central,Kayunga,Kayunga Total,141389,34946,176335,33785,50453,84238,
Central,Kiboga,Bukomero,6476,1290,7766,803,2406,3209,
Central,Kiboga,Bukomero Town Council,4628,1931,6559,486,2141,2627,
Central,Kiboga,Ddwaniro,4810,1461,6271,709,1667,2376,
Central,Kiboga,Kapeke,5121,2524,7645,412,2822,3234,
Central,Kiboga,Kibiga,11735,1217,12952,2542,2624,5166,
Central,Kiboga,Kiboga Town Council,7317,3022,10339,607,2916,3523,
Central,Kiboga,Lwamata,11501,2920,14421,1139,4702,5841,
Central,Kiboga,Muwanga,7716,1333,9049,1015,2824,3839,
Central,Kiboga,Kiboga Total,59304,15698,75002,7713,22102,29815,
Central,Kyankwanzi,Bananywa,14778,578,15356,4785,1044,5829,
Central,Kyankwanzi,Butemba,15517,2170,17687,2197,4555,6752,
Central,Kyankwanzi,Butemba Town Council,6283,1047,7330,1397,1399,2796,
Central,Kyankwanzi,Gayaza,10339,335,10674,3101,727,3828,
Central,Kyankwanzi,Kyankwanzi,4676,2464,7140,564,1866,2430,
Central,Kyankwanzi,Mulagi,5952,511,6463,2039,784,2823,
Central,Kyankwanzi,Nkandwa,6112,402,6514,2145,676,2821,
Central,Kyankwanzi,Nsambya,12101,1320,13421,2649,2267,4916,
Central,Kyankwanzi,Ntwetwe,8353,711,9064,1618,1463,3081,
Central,Kyankwanzi,Ntwetwe  Town Council,5057,288,5345,1516,417,1933,
Central,Kyankwanzi,Wattuba,8990,2006,10996,671,3876,4547,
Central,Kyankwanzi,Kyankwanzi Total,98158,11832,109990,22682,19074,41756,
Central,Luwero,Bamunanika,12041,2294,14335,3634,3117,6751,
Central,Luwero,Kalagala,16643,5862,22505,1885,7676,9561,
Central,Luwero,Kamira,12558,638,13196,4873,900,5773,
Central,Luwero,Kikyusa,13603,3754,17357,3256,4325,7581,
Central,Luwero,Zirobwe,18102,4186,22288,3826,6141,9967,
Central,Luwero,Bombo Town Council,8034,5866,13900,490,4913,5403,
Central,Luwero,Butuntumula,13520,3343,16863,2789,5498,8287,
Central,Luwero,Katikamu,17943,3762,21705,5629,4159,9788,
Central,Luwero,Luweero Town Council,15527,6935,22462,1227,6784,8011,
Central,Luwero,Luwero,12148,4181,16329,2789,5083,7872,
Central,Luwero,Makulubita,13830,3522,17352,1950,5350,7300,
Central,Luwero,Nyimbwa,12061,5801,17862,1191,6360,7551,
Central,Luwero,Wobulenzi Town Council,9452,5029,14481,833,4521,5354,
Central,Luwero,Luwero Total,175462,55173,230635,34372,64827,99199,
Central,Lwengo,Kisekka,18874,5192,24066,3468,7607,11075,
Central,Lwengo,Kkingo,13774,3651,17425,2298,5466,7764,
Central,Lwengo,Kyazanga,13928,2250,16178,3408,4367,7775,
Central,Lwengo,Kyazanga Town Council,6255,1411,7666,1110,1865,2975,
Central,Lwengo,Lwengo,20281,3015,23296,4160,6991,11151,
Central,Lwengo,Lwengo Town Council,4832,1939,6771,620,2443,3063,
Central,Lwengo,Malongo,16267,2347,18614,4434,3969,8403,
Central,Lwengo,Ndagwe,15727,1876,17603,3739,5059,8798,
Central,Lwengo,Lwengo Total,109938,21681,131619,23237,37767,61004,
Central,Lyantonde,Kaliiro,7917,1077,8994,2095,1799,3894,
Central,Lyantonde,Kasagama,4792,1107,5899,904,1214,2118,
Central,Lyantonde,Kinuuka,3597,928,4525,388,1444,1832,
Central,Lyantonde,Lyantonde,7612,1059,8671,1996,1885,3881,
Central,Lyantonde,Lyantonde Town Council,5725,2045,7770,387,1736,2123,
Central,Lyantonde,Mpumudde,10964,1459,12423,2807,1999,4806,
Central,Lyantonde,Lyantonde Total,40607,7675,48282,8577,10077,18654,
Central,Masaka,Bukakata,8423,1158,9581,1805,1042,2847,
Central,Masaka,Buwunga,16309,4767,21076,1785,7489,9274,
Central,Masaka,Kabonera,12658,3590,16248,2581,4848,7429,
Central,Masaka,Kyanamukaaka,13187,2627,15814,2954,3836,6790,
Central,Masaka,Kyesiiga,10799,1759,12558,1524,3748,5272,
Central,Masaka,Mukungwe,17601,4699,22300,3332,5825,9157,
Central,Masaka,Katwe-Butego Division,9510,4922,14432,494,3861,4355,
Central,Masaka,Kimaanya-Kyabakuza Division,14614,3686,18300,2653,2903,5556,
Central,Masaka,Nyendo-Ssenyange Division,17275,6336,23611,1293,5577,6870,
Central,Masaka,Masaka Total,120376,33544,153920,18421,39129,57550,
Central,Mityana,Busimbi Division,5950,1886,7836,1167,2168,3335,
Central,Mityana,Central Division,21311,9300,30611,1740,8566,10306,
Central,Mityana,Ttamu Division,8366,3524,11890,809,4282,5091,
Central,Mityana,Bbanda,5821,830,6651,1714,1384,3098,
Central,Mityana,Butayunja,5124,562,5686,1770,618,2388,
Central,Mityana,Kakindu,7498,1947,9445,579,3648,4227,
Central,Mityana,Maanyi,8505,2497,11002,1555,3143,4698,
Central,Mityana,Malangala,11118,888,12006,4047,1127,5174,
Central,Mityana,Bulera,13184,2848,16032,1922,4690,6612,
Central,Mityana,Kalangaalo,13467,1805,15272,2929,3656,6585,
Central,Mityana,Kikandwa,14308,914,15222,4910,1261,6171,
Central,Mityana,Namungo,7183,1559,8742,850,2827,3677,
Central,Mityana,Ssekanyonyi,15294,4056,19350,2271,5450,7721,
Central,Mityana,Mityana Total,57517,52070,109587,250081,43721,293802,
Central,Mpigi,Buwama,2479,25261,4678,41931,768,23620,
Central,Mpigi,Kammengo,1855,19286,3835,31583,647,18032,
Central,Mpigi,Kiringente,834,9788,1497,17735,322,8825,
Central,Mpigi,Kituntu,1162,11641,1947,18700,331,11090,
Central,Mpigi,Mpigi Town Council,2029,20844,4099,35564,607,19697,
Central,Mpigi,Muduuma,1278,14435,2494,25501,347,13368,
Central,Mpigi,Nkozi,2048,21076,3591,34477,784,19443,
Central,Mpigi,Mpigi Total,11685,122331,22141,205491,3806,114075,
Central,Mubende,Butoloogo,20136,1344,21480,4731,3689,8420,
Central,Mubende,Kitenga,24086,5726,29812,3537,8094,11631,
Central,Mubende,Kiyuni,11651,914,12565,3438,1453,4891,
Central,Mubende,Madudu,17610,724,18334,5710,1320,7030,
Central,Mubende,Bagezza,5007,609,5616,1029,1337,2366,
Central,Mubende,Kasambya,15857,2666,18523,2756,4568,7324,
Central,Mubende,Kibalinga,16948,982,17930,5032,2047,7079,
Central,Mubende,Kigando,17513,2911,20424,2889,5483,8372,
Central,Mubende,Nabingoola,16286,1476,17762,3870,3552,7422,
Central,Mubende,Bukuya,13733,1846,15579,3728,2888,6616,
Central,Mubende,Kalwana,13531,2705,16236,2076,5206,7282,
Central,Mubende,Kassanda,18285,3623,21908,2052,7561,9613,
Central,Mubende,Kiganda,15768,3468,19236,3289,5049,8338,
Central,Mubende,Kitumbi,23608,1745,25353,6874,3264,10138,
Central,Mubende,Makokoto,3487,320,3807,1148,664,1812,
Central,Mubende,Manyogaseka,5418,262,5680,1931,261,2192,
Central,Mubende,Myanzi,8827,1993,10820,1107,3549,4656,
Central,Mubende,Nalutuntu,8440,4108,12548,1206,4499,5705,
Central,Mubende,Mubende Municipality,,,,,,,
Central,Mubende,Eastern Division,11265,2835,14100,1566,3247,4813,
Central,Mubende,Western Division,11157,3249,14406,1655,3669,5324,
Central,Mubende,Southern Division,12714,3844,16558,1375,4539,5914,
Central,Mubende,Mubende Total,291327,47350,338677,60999,75939,136938,
Central,Mukono,Central Division,23525,14925,38450,1355,10069,11424,
Central,Mukono,Goma Division,33219,19394,52613,2096,14182,16278,
Central,Mukono,Koome Island,9288,2486,11774,627,1191,1818,
Central,Mukono,Kyampisi,19168,3838,23006,5083,4039,9122,
Central,Mukono,Mpatta,6905,1904,8809,891,2497,3388,
Central,Mukono,Mpunge,5836,1399,7235,432,2292,2724,
Central,Mukono,Nakisunga,18876,6927,25803,2639,7694,10333,
Central,Mukono,Nama,21166,9035,30201,1837,8629,10466,
Central,Mukono,Ntenjeru,15650,5394,21044,1763,6943,8706,
Central,Mukono,Kasawo,14392,4093,18485,3535,4232,7767,
Central,Mukono,Kimenyedde,12472,5357,17829,1364,6521,7885,
Central,Mukono,Nabbaale,13204,5097,18301,2333,5701,8034,
Central,Mukono,Nagojje,12382,5702,18084,1042,6056,7098,
Central,Mukono,Ntunda,5914,1670,7584,1092,2399,3491,
Central,Mukono,Seeta Namuganga,15228,3098,18326,3354,5433,8787,
Central,Mukono,Mukono Total,227225,90319,317544,29443,87878,117321,
Central,Nakaseke,Butalangu Town Council,1357,348,1705,216,481,697,
Central,Nakaseke,Kapeeka,10820,1883,12703,2596,2325,4921,
Central,Nakaseke,Kasangombe,9741,1122,10863,2739,2228,4967,
Central,Nakaseke,Kikamulo,7486,1469,8955,1837,2403,4240,
Central,Nakaseke,Kinoni,2254,922,3176,496,678,1174,
Central,Nakaseke,Kinyogoga,2839,2213,5052,326,1337,1663,
Central,Nakaseke,Kito,4034,735,4769,771,1255,2026,
Central,Nakaseke,Kiwoko Town Council,4476,1072,5548,985,1406,2391,
Central,Nakaseke,Nakaseke,7457,1356,8813,1210,2646,3856,
Central,Nakaseke,Nakaseke Town Council,2988,657,3645,433,970,1403,
Central,Nakaseke,Ngoma,2662,1060,3722,266,1060,1326,
Central,Nakaseke,Ngoma Town Council,2613,828,3441,378,642,1020,
Central,Nakaseke,Semuto,10501,1322,11823,2731,2352,5083,
Central,Nakaseke,Semuto Town Council,4245,1419,5664,375,1760,2135,
Central,Nakaseke,Wakyato,3824,2025,5849,806,1558,2364,
Central,Nakaseke,Nakaseke Total,77297,18431,95728,16165,23101,39266,
Central,Nakasongola,Kakooge,8191,1920,10111,2003,2467,4470,
Central,Nakasongola,Kakooge Town Council,3207,1394,4601,446,1459,1905,
Central,Nakasongola,Kalongo,7769,1231,9000,2289,2205,4494,
Central,Nakasongola,Kalungi,9007,1902,10909,2279,3131,5410,
Central,Nakasongola,Lwabiyata,6373,1236,7609,1676,1690,3366,
Central,Nakasongola,Lwampanga,12745,2468,15213,2792,2988,5780,
Central,Nakasongola,Migeera Town Council,2171,878,3049,164,813,977,
Central,Nakasongola,Nabisweera,6193,2237,8430,878,2500,3378,
Central,Nakasongola,Nakasongola Town Council,3090,1865,4955,240,1587,1827,
Central,Nakasongola,Nakitoma,4948,1763,6711,1281,1628,2909,
Central,Nakasongola,Wabinyonyi,8067,968,9035,2987,1200,4187,
Central,Nakasongola,Nakasongola Total,71761,17862,89623,17035,21668,38703,
Central,Rakai,Kakuuto,15091,4162,19253,2890,5228,8118,
Central,Rakai,Kasasa,7044,1388,8432,1510,2252,3762,
Central,Rakai,Kibanda,10524,1230,11754,2934,2151,5085,
Central,Rakai,Kifamba,5962,958,6920,1369,1870,3239,
Central,Rakai,Kyebe,9843,994,10837,3141,781,3922,
Central,Rakai,Byakabanda,7860,1200,9060,1640,2579,4219,
Central,Rakai,Ddwaniro,12008,3251,15259,1610,5657,7267,
Central,Rakai,Kacheera,10652,839,11491,3037,1844,4881,
Central,Rakai,Kagamba,14341,1432,15773,4503,2979,7482,
Central,Rakai,Kiziba,8256,1348,9604,1562,2654,4216,
Central,Rakai,Kyalulangira,11282,1869,13151,1875,3832,5707,
Central,Rakai,Lwamaggwa,17806,3019,20825,3146,6534,9680,
Central,Rakai,Lwanda,11571,2322,13893,1929,4384,6313,
Central,Rakai,Rakai Town Council,2965,507,3472,571,855,1426,
Central,Rakai,Kabira,12577,2425,15002,3102,3780,6882,
Central,Rakai,Kalisizo,7665,1297,8962,2298,1793,4091,
Central,Rakai,Kalisizo Town Council,5641,1616,7257,695,1738,2433,
Central,Rakai,Kasaali,10887,2566,13453,1682,4171,5853,
Central,Rakai,Kirumba,10122,2163,12285,2065,3778,5843,
Central,Rakai,Kyotera Town Council,5682,1485,7167,399,1694,2093,
Central,Rakai,Lwankoni,6604,903,7507,2032,1378,3410,
Central,Rakai,Nabigasa,8054,1984,10038,1047,3923,4970,
Central,Rakai,District,212437,38958,251395,45037,65855,110892,
Central,Ssembabule,Lwemiyaga,17834,465,18299,6958,523,7481,
Central,Ssembabule,Ntuusi,12312,457,12769,4545,172,4717,
Central,Ssembabule,Lugusulu,15644,679,16323,5985,349,6334,
Central,Ssembabule,Lwebitakuli,28383,887,29270,12617,1040,13657,
Central,Ssembabule,Mateete,23253,1387,24640,9717,2142,11859,
Central,Ssembabule,Mateete Town Council,4197,1021,5218,1005,860,1865,
Central,Ssembabule,Mijwala,14255,326,14581,6347,196,6543,
Central,Ssembabule,Sembabule Town Council,3117,452,3569,777,460,1237,
Central,Ssembabule,Ssembabule Total,118995,5674,124669,47951,5742,53693,
Central,Wakiso,Bussi,7874,1113,8987,922,1373,2295,
Central,Wakiso,Kakiri,15425,4800,20225,2098,5932,8030,
Central,Wakiso,Kakiri Town Council,7343,2526,9869,718,2711,3429,
Central,Wakiso,Kasanje,12545,2445,14990,2832,2953,5785,
Central,Wakiso,Katabi,39999,22075,62074,2445,14232,16677,
Central,Wakiso,Masuliita,4524,1011,5535,662,1782,2444,
Central,Wakiso,Masulita Town Council,5854,1620,7474,1091,2130,3221,
Central,Wakiso,Mende,10337,3312,13649,2227,3258,5485,
Central,Wakiso,Namayumba,7484,1498,8982,1198,2477,3675,
Central,Wakiso,Namayumba Town Council,6529,1407,7936,1369,1772,3141,
Central,Wakiso,Nsangi,72435,38184,110619,3655,29210,32865,
Central,Wakiso,Ssisa,36235,17259,53494,1857,13656,15513,
Central,Wakiso,Wakiso,62533,34030,96563,4231,25330,29561,
Central,Wakiso,Wakiso Town Council,21702,11973,33675,1167,9588,10755,
Central,Wakiso,Nangabo,52731,28184,80915,3116,21355,24471,
Central,Wakiso,Entebbe Municipality,,,,,,,
Central,Wakiso,Division A,14616,8958,23574,719,6153,6872,
Central,Wakiso,Division B,11634,6768,18402,695,4453,5148,
Central,Wakiso,Kira Municipality,,,,,,,
Central,Wakiso,Bweyogerere Division,43349,23007,66356,2581,14649,17230,
Central,Wakiso,Kira Division,26650,10551,37201,1923,7323,9246,
Central,Wakiso,Namugongo Division,63846,32945,96791,3363,19459,22822,
Central,Wakiso,MakindyeSsabagabo Municipality,,,,,,,
Central,Wakiso,Bunamwaya Division,28151,16352,44503,1343,10454,11797,
Central,Wakiso,Masajja Division,43444,25046,68490,2428,16243,18671,
Central,Wakiso,Ndejje Division,34315,19886,54201,1901,13754,15655,
Central,Wakiso,Nansana Municipality,,,,,,,
Central,Wakiso,Busukuma Division,15095,5376,20471,1471,6212,7683,
Central,Wakiso,Gombe Division,28655,12745,41400,2341,12502,14843,
Central,Wakiso,Nabweru Division,37230,22082,59312,1787,15898,17685,
Central,Wakiso,Nansana Division,54017,31105,85122,3088,21036,24124,
Central,Wakiso,Wakiso Total,764552,386258,1150810,53242,285895,339137,
Eastern,Amuria,Abarilela,11037,427,11464,5049,485,5534,
Eastern,Amuria,Acowa,5821,834,6655,2188,941,3129,
Eastern,Amuria,Akeriau,2466,1323,3789,482,942,1424,
Eastern,Amuria,Akoromit,6301,623,6924,2627,781,3408,
Eastern,Amuria,Amuria Town Council,9825,609,10434,4269,578,4847,
Eastern,Amuria,Apeduru,7028,1530,8558,2720,1587,4307,
Eastern,Amuria,Asamuk,7111,890,8001,3115,741,3856,
Eastern,Amuria,Kapelebyong,5508,1021,6529,2621,558,3179,
Eastern,Amuria,Kuju,5531,1621,7152,957,2476,3433,
Eastern,Amuria,Morungatuny,10124,1686,11810,3602,1891,5493,
Eastern,Amuria,Obalanga,5600,655,6255,1923,1119,3042,
Eastern,Amuria,Ogolai,8138,648,8786,3657,338,3995,
Eastern,Amuria,Okungur,7387,1156,8543,3157,1075,4232,
Eastern,Amuria,Orungo,7738,1171,8909,3055,1182,4237,
Eastern,Amuria,Wera,7812,638,8450,3338,736,4074,
Eastern,Amuria,Willa,5505,809,6314,2306,831,3137,
Eastern,Amuria,Amuria Total,112932,15641,128573,45066,16261,61327,
Eastern,Budaka,Budaka,3951,1231,5182,244,2228,2472,
Eastern,Budaka,Budaka Town Council,9009,2836,11845,1739,3556,5295,
Eastern,Budaka,Kachomo,4951,1899,6850,224,3027,3251,
Eastern,Budaka,Kaderuna,7520,281,7801,3686,171,3857,
Eastern,Budaka,Kakule,4339,1457,5796,335,2524,2859,
Eastern,Budaka,Lyama,8163,792,8955,3195,821,4016,
Eastern,Budaka,Naboa,6202,565,6767,2443,663,3106,
Eastern,Budaka,Nansanga,4229,179,4408,1872,270,2142,
Eastern,Budaka,Iki-Iki,8243,681,8924,3486,887,4373,
Eastern,Budaka,Kameruka,5878,1115,6993,2088,1260,3348,
Eastern,Budaka,Kamonkoli,5908,6048,11956,1078,4468,5546,
Eastern,Budaka,Katiira,6715,920,7635,2322,1431,3753,
Eastern,Budaka,Mugiti,4378,1165,5543,1181,1442,2623,
Eastern,Budaka,Budaka Total,79486,19169,98655,23893,22748,46641,
Eastern,Bududa,Bubiita,2491,1127,3618,426,1075,1501,
Eastern,Bududa,Bududa Town Council,2267,1351,3618,305,1337,1642,
Eastern,Bududa,Bududa,3569,1954,5523,316,2125,2441,
Eastern,Bududa,Bukalasi,5387,896,6283,1191,1674,2865,
Eastern,Bududa,Bukibokolo,4358,537,4895,1532,837,2369,
Eastern,Bududa,Bukigai,6128,3105,9233,777,3771,4548,
Eastern,Bududa,Bulucheke,4914,2384,7298,314,3608,3922,
Eastern,Bududa,Bumasheti,5494,1997,7491,791,3258,4049,
Eastern,Bududa,Bumayoka,7318,1551,8869,2472,2527,4999,
Eastern,Bududa,Bushika,11011,3861,14872,2627,4825,7452,
Eastern,Bududa,Bushiribo,3141,2109,5250,257,2483,2740,
Eastern,Bududa,Bushiyi,4705,2688,7393,336,3233,3569,
Eastern,Bududa,Buwali,1866,1402,3268,127,1324,1451,
Eastern,Bududa,Nabweya,4111,1279,5390,909,1558,2467,
Eastern,Bududa,Nakatsi,3809,1602,5411,268,2422,2690,
Eastern,Bududa,Nalwanza,2730,1478,4208,288,1841,2129,
Eastern,Bududa,Bududa Total,73299,29321,102620,12936,37898,50834,
Eastern,Bugiri,Budhaya,10046,2709,12755,1329,5299,6628,
Eastern,Bugiri,Bugiri  Town Council,8697,6596,15293,382,5612,5994,
Eastern,Bugiri,Bulesa,15722,3072,18794,4579,4067,8646,
Eastern,Bugiri,Bulidha,9513,1469,10982,2571,2832,5403,
Eastern,Bugiri,Buluguyi,11900,2427,14327,2132,4657,6789,
Eastern,Bugiri,Buwunga,17131,4571,21702,3011,7425,10436,
Eastern,Bugiri,Iwemba,7980,720,8700,3176,1037,4213,
Eastern,Bugiri,Kapyanga,20982,6809,27791,5067,8450,13517,
Eastern,Bugiri,Muterere,10160,2657,12817,2113,4215,6328,
Eastern,Bugiri,Nabukalu,14650,2140,16790,4821,3288,8109,
Eastern,Bugiri,Nankoma,16178,2767,18945,4766,4654,9420,
Eastern,Bugiri,Bugiri Total,142959,35937,178896,33947,51536,85483,
Eastern,Bukedea,Bukedea,11338,3187,14525,636,5972,6608,
Eastern,Bukedea,Bukedea Town Council,4691,971,5662,1381,805,2186,
Eastern,Bukedea,Kachumbala,19249,7678,26927,1428,10951,12379,
Eastern,Bukedea,Kidongole,11810,1371,13181,4167,2060,6227,
Eastern,Bukedea,Kolir,10621,4883,15504,924,6242,7166,
Eastern,Bukedea,Malera,17659,3943,21602,1922,7982,9904,
Eastern,Bukedea,Bukedea Total,75368,22033,97401,10458,34012,44470,
Eastern,Bukwo,Bukwo,3632,432,4064,1374,401,1775,
Eastern,Bukwo,Bukwo Town Council,2613,1175,3788,126,1493,1619,
Eastern,Bukwo,Chepkwasta,2993,806,3799,237,1594,1831,
Eastern,Bukwo,Chesower,2371,835,3206,163,1317,1480,
Eastern,Bukwo,Kabei,2608,418,3026,673,653,1326,
Eastern,Bukwo,Kamet,2117,309,2426,451,606,1057,
Eastern,Bukwo,Kaptererwo,3059,1131,4190,388,1510,1898,
Eastern,Bukwo,Kortek,1870,730,2600,485,800,1285,
Eastern,Bukwo,Riwo,2939,692,3631,548,1028,1576,
Eastern,Bukwo,Senendet,2769,1477,4246,406,1555,1961,
Eastern,Bukwo,Suam,4166,1195,5361,266,1855,2121,
Eastern,Bukwo,Tulel,2036,540,2576,386,749,1135,
Eastern,Bukwo,Bukwo Total,33173,9740,42913,5503,13561,19064,
Eastern,Bulambuli,Buginyanya,2339,575,2914,439,832,1271,
Eastern,Bulambuli,Bukhalu,8172,4353,12525,1057,4437,5494,
Eastern,Bulambuli,Bulaago,1778,3289,5067,148,2000,2148,
Eastern,Bulambuli,Bulambuli Town Council,1261,501,1762,112,612,724,
Eastern,Bulambuli,Bulegeni,1634,1004,2638,39,1136,1175,
Eastern,Bulambuli,Simu,1897,876,2773,211,921,1132,
Eastern,Bulambuli,Buluganya,3713,1944,5657,238,2948,3186,
Eastern,Bulambuli,Bumasobo,3278,898,4176,482,1346,1828,
Eastern,Bulambuli,Bumugibole,664,2845,3509,147,1253,1400,
Eastern,Bulambuli,Bunambutye,3831,557,4388,835,829,1664,
Eastern,Bulambuli,Bwikhonge,2800,1004,3804,564,1040,1604,
Eastern,Bulambuli,Nabbongo,3654,1164,4818,433,1627,2060,
Eastern,Bulambuli,Muyembe,3160,987,4147,369,1337,1706,
Eastern,Bulambuli,Lusha,4278,985,5263,471,1301,1772,
Eastern,Bulambuli,Masiira,4087,1105,5192,819,1476,2295,
Eastern,Bulambuli,Kamu,2352,1023,3375,206,1361,1567,
Eastern,Bulambuli,Namisuni,2269,2517,4786,442,1660,2102,
Eastern,Bulambuli,Sisiyi,6242,445,6687,2496,483,2979,
Eastern,Bulambuli,Bulegeni Town Council,3062,2048,5110,769,2337,3106,
Eastern,Bulambuli,Bulambuli Total,60471,28120,88591,10277,28936,39213,
Eastern,Busia,Eastern Division,10205,6859,17064,616,5704,6320,
Eastern,Busia,Western Division,7503,4761,12264,304,4235,4539,
Eastern,Busia,Buhehe,6471,3551,10022,492,4104,4596,
Eastern,Busia,Bulumbi,5926,1686,7612,1280,2296,3576,
Eastern,Busia,Busime,7665,1170,8835,2225,1961,4186,
Eastern,Busia,Busitema,7366,842,8208,2608,1337,3945,
Eastern,Busia,Buteba,11730,1705,13435,3557,2627,6184,
Eastern,Busia,Buyanga,6805,1792,8597,1718,2593,4311,
Eastern,Busia,Dabani,9253,4487,13740,1603,4801,6404,
Eastern,Busia,Lumino,5458,1951,7409,736,2509,3245,
Eastern,Busia,Lunyo,6007,1360,7367,1258,2067,3325,
Eastern,Busia,Majanji,4025,1210,5235,673,1777,2450,
Eastern,Busia,Masaba,10960,535,11495,4740,610,5350,
Eastern,Busia,Masafu,7822,1837,9659,1804,2875,4679,
Eastern,Busia,Masinya,6310,3384,9694,197,4359,4556,
Eastern,Busia,Sikuda,6667,2227,8894,1108,2965,4073,
Eastern,Busia,Busia Total,120173,39357,159530,24919,46820,71739,
Eastern,Butaleja,Budumba,8857,1607,10464,2700,2435,5135,
Eastern,Butaleja,Busaba,8833,2548,11381,1193,4168,5361,
Eastern,Butaleja,Busabi,7001,1343,8344,1523,2536,4059,
Eastern,Butaleja,Busolwe,5911,971,6882,1619,1727,3346,
Eastern,Butaleja,Busolwe Town Council,4625,2095,6720,536,2448,2984,
Eastern,Butaleja,Butaleja,5706,1720,7426,374,3070,3444,
Eastern,Butaleja,Butaleja Town Council,8908,461,9369,3643,598,4241,
Eastern,Butaleja,Himutu,6855,213,7068,3047,194,3241,
Eastern,Butaleja,Kachonga,10250,920,11170,4151,1313,5464,
Eastern,Butaleja,Mazimasa,14017,1546,15563,4648,2452,7100,
Eastern,Butaleja,Nawanjofu,7846,1018,8864,2085,1929,4014,
Eastern,Butaleja,Naweyo,9362,683,10045,2517,2125,4642,
Eastern,Butaleja,Butaleja Total,98171,15125,113296,28036,24995,53031,
Eastern,Buyende,Bugaya,32946,4352,37298,13162,5201,18363,
Eastern,Buyende,Buyende,17013,2038,19051,5756,3303,9059,
Eastern,Buyende,Buyende Town Council,8643,1743,10386,2241,2726,4967,
Eastern,Buyende,Kagulu,26971,6972,33943,6082,10087,16169,
Eastern,Buyende,Kidera,24954,4876,29830,7028,6785,13813,
Eastern,Buyende,Nkondo,11915,1585,13500,3695,2822,6517,
Eastern,Buyende,Buyende Total,122442,21566,144008,37964,30924,68888,
Eastern,Iganga,Central Division,10215,7411,17626,494,5445,5939,
Eastern,Iganga,Northern Division,8710,5442,14152,465,4235,4700,
Eastern,Iganga,Busembatia Town Council,4005,2248,6253,428,2321,2749,
Eastern,Iganga,Buyanga,19434,4622,24056,6374,5187,11561,
Eastern,Iganga,Ibulanku,12608,3652,16260,4440,3800,8240,
Eastern,Iganga,Igombe,5886,2234,8120,1111,2776,3887,
Eastern,Iganga,Makuutu,10804,2661,13465,2640,3540,6180,
Eastern,Iganga,Namalemba,7870,3391,11261,1543,3968,5511,
Eastern,Iganga,Bulamogi,9900,5472,15372,2142,4464,6606,
Eastern,Iganga,Nabitende,10129,3632,13761,1209,5480,6689,
Eastern,Iganga,Nakalama,14327,8945,23272,2011,8090,10101,
Eastern,Iganga,Nakigo,12455,6682,19137,1669,7346,9015,
Eastern,Iganga,Nambale,16496,5807,22303,2104,8715,10819,
Eastern,Iganga,Namungalwe,12399,6032,18431,1226,7261,8487,
Eastern,Iganga,Nawandala,12561,2364,14925,4774,2849,7623,
Eastern,Iganga,Nawanyingi,8183,4239,12422,1026,5202,6228,
Eastern,Iganga,Iganga Total,175982,74834,250816,33656,80679,114335,
Eastern,Jinja,Central Division,319,2956,3275,7190,4893,12083,
Eastern,Jinja,Mpumudde Division,483,3604,4087,8745,4793,13538,
Eastern,Jinja,Bugembe Town Council,416,6878,7294,14055,10094,24149,
Eastern,Jinja,Busedde,1670,6908,8578,11021,7175,18196,
Eastern,Jinja,Kakira Town Council,456,5960,6416,13051,6432,19483,
Eastern,Jinja,Mafubira,1341,14426,15767,27960,15184,43144,
Eastern,Jinja,Masese Walukuba,332,5246,5578,11302,7251,18553,
Eastern,Jinja,Budondo,4342,7537,11879,19355,6271,25626,
Eastern,Jinja,Butagaya,3186,10039,13225,18957,6226,25183,
Eastern,Jinja,Buwenge,3874,7153,11027,18104,5035,23139,
Eastern,Jinja,Buwenge Town Council,439,3989,4428,7471,4104,11575,
Eastern,Jinja,Buyengo,1348,6372,7720,10668,5144,15812,
Eastern,Jinja,Jinja Total,18206,81068,99274,167879,82602,250481,
Eastern,Kaberamaido,Alwa,9050,2405,11455,1231,4153,5384,
Eastern,Kaberamaido,Aperkira,5621,1083,6704,1318,2149,3467,
Eastern,Kaberamaido,Kaberamaido,7039,1674,8713,1385,2857,4242,
Eastern,Kaberamaido,Kaberamaido Town Council,1484,742,2226,49,746,795,
Eastern,Kaberamaido,Kobulubulu,5812,3907,9719,514,4102,4616,
Eastern,Kaberamaido,Ochero,10107,2393,12500,1641,4243,5884,
Eastern,Kaberamaido,Anyara,10122,636,10758,4357,727,5084,
Eastern,Kaberamaido,Apapai,4349,1101,5450,650,1881,2531,
Eastern,Kaberamaido,Bululu,9002,823,9825,3382,1620,5002,
Eastern,Kaberamaido,Kakure,4922,905,5827,1520,1312,2832,
Eastern,Kaberamaido,Kalaki,6947,1023,7970,2713,1061,3774,
Eastern,Kaberamaido,Otuboi,12077,991,13068,4318,1526,5844,
Eastern,Kaberamaido,Kaberamaido Total,86532,17683,104215,23078,26377,49455,
Eastern,Kaliro,Bumanya,21211,2174,23385,7812,3711,11523,
Eastern,Kaliro,Gadumire,11686,3960,15646,2261,5185,7446,
Eastern,Kaliro,Kaliro Town Council,6326,2531,8857,661,2797,3458,
Eastern,Kaliro,Namugongo,15660,1125,16785,6353,1525,7878,
Eastern,Kaliro,Namwiwa,13807,2663,16470,3013,5166,8179,
Eastern,Kaliro,Nawaikoke,27334,1727,29061,11582,2521,14103,
Eastern,Kaliro,Kaliro Total,96024,14180,110204,31682,20905,52587,
Eastern,Kamuli,Northern Division,987,14511,2850,24661,607,12921,
Eastern,Kamuli,Southern Division,968,14699,2535,23838,591,13257,
Eastern,Kamuli,Balawoli,1714,31323,6747,42720,1481,27024,
Eastern,Kamuli,Bulopa,1241,15383,3028,23128,642,14086,
Eastern,Kamuli,Butansi,1044,16903,3734,23711,841,15078,
Eastern,Kamuli,Kitayunjwa,1432,22023,5199,31783,1003,19748,
Eastern,Kamuli,Nabwigulu,704,12315,2096,18234,508,10972,
Eastern,Kamuli,Namasagali,1127,21565,4505,29736,1080,18686,
Eastern,Kamuli,Namwendwa,1879,32116,6749,46333,1551,28198,
Eastern,Kamuli,Bugulumbya,1129,20391,4062,29668,827,18418,
Eastern,Kamuli,Kisozi,1653,27031,5871,38264,1203,24181,
Eastern,Kamuli,Mbulamuti,1135,16530,3790,23679,912,14856,
Eastern,Kamuli,Nawanyago,970,12558,3196,19102,670,11471,
Eastern,Kamuli,Wankole,679,11179,2464,16071,489,10025,
Eastern,Kamuli,Kamuli Total,16662,268527,56826,390928,12405,238921,
Eastern,Kapchorwa,Central Division,4269,2758,7027,246,2016,2262,
Eastern,Kapchorwa,Eastern Division,4469,1496,5965,1172,1364,2536,
Eastern,Kapchorwa,Western Division,9258,1332,10590,3182,1303,4485,
Eastern,Kapchorwa,Amukol,1362,725,2087,134,778,912,
Eastern,Kapchorwa,Chema,3575,897,4472,1101,860,1961,
Eastern,Kapchorwa,Chepterech,1188,945,2133,243,838,1081,
Eastern,Kapchorwa,Gamogo,1228,460,1688,273,498,771,
Eastern,Kapchorwa,Kabeywa,2522,287,2809,910,261,1171,
Eastern,Kapchorwa,Kapsinda,3520,377,3897,1300,356,1656,
Eastern,Kapchorwa,Kaptanya,2737,926,3663,428,1257,1685,
Eastern,Kapchorwa,Kaserem,1397,1009,2406,326,756,1082,
Eastern,Kapchorwa,Kawowo,3100,386,3486,1231,353,1584,
Eastern,Kapchorwa,Munarya,2443,666,3109,588,649,1237,
Eastern,Kapchorwa,Sipi,2303,304,2607,683,358,1041,
Eastern,Kapchorwa,Kapchorwa Total,43371,12568,55939,11817,11647,23464,
Eastern,Katakwi,Kapujan,4967,1534,6501,1612,1371,2983,
Eastern,Katakwi,Magoro,8044,1317,9361,2920,990,3910,
Eastern,Katakwi,Omodoi,7803,669,8472,3202,545,3747,
Eastern,Katakwi,Toroma,5643,575,6218,1960,576,2536,
Eastern,Katakwi,Katakwi,15464,2705,18169,5474,2876,8350,
Eastern,Katakwi,Katakwi Town Council,3112,1074,4186,517,1069,1586,
Eastern,Katakwi,Ngariam,4330,1275,5605,1171,1244,2415,
Eastern,Katakwi,Ongongoja,6441,1416,7857,2294,1282,3576,
Eastern,Katakwi,Palam,4496,1556,6052,1295,1262,2557,
Eastern,Katakwi,Usuk,8904,1768,10672,2648,2154,4802,
Eastern,Katakwi,Katakwi Total,69204,13889,83093,23093,13369,36462,
Eastern,Kibuku,Bulangira,9800,1786,11586,3485,1881,5366,
Eastern,Kibuku,Buseta,7038,419,7457,3009,669,3678,
Eastern,Kibuku,Kabweri,6217,853,7070,2367,1178,3545,
Eastern,Kibuku,Kadama,6442,3083,9525,480,3971,4451,
Eastern,Kibuku,Kagumu,12044,487,12531,5655,473,6128,
Eastern,Kibuku,Kasasira,8628,1321,9949,2223,2721,4944,
Eastern,Kibuku,Kibuku,4855,981,5836,1391,1461,2852,
Eastern,Kibuku,Kibuku Town Council,2903,1100,4003,270,1535,1805,
Eastern,Kibuku,Kirika,8891,1844,10735,3311,2119,5430,
Eastern,Kibuku,Tirinyi,12111,2612,14723,3340,3708,7048,
Eastern,Kibuku,Kibuku Total,78929,14486,93415,25531,19716,45247,
Eastern,Kumi,Northern Division,7814,1720,9534,2619,1371,3990,
Eastern,Kumi,Southern Division,7309,2581,9890,2013,2197,4210,
Eastern,Kumi,Atutur,9447,1367,10814,3200,1625,4825,
Eastern,Kumi,Kanyum,17996,2000,19996,6567,2859,9426,
Eastern,Kumi,Kumi,7630,1193,8823,2479,1442,3921,
Eastern,Kumi,Mukongoro,18574,3753,22327,6691,3921,10612,
Eastern,Kumi,Nyero,14947,839,15786,6851,736,7587,
Eastern,Kumi,Ongino,16302,4569,20871,4261,5101,9362,
Eastern,Kumi,Kumi Total,100019,18022,118041,34681,19252,53933,
Eastern,Kween,Benet,4967,460,5427,2053,569,2622,
Eastern,Kween,Binyiny,2411,142,2553,999,131,1130,
Eastern,Kween,Binyiny Town Council,1248,512,1760,65,693,758,
Eastern,Kween,Kaproron,2381,202,2583,926,184,1110,
Eastern,Kween,Kaptoyoy,3683,737,4420,954,880,1834,
Eastern,Kween,Kaptum,3183,1575,4758,559,1560,2119,
Eastern,Kween,Kiriki,2441,349,2790,358,491,849,
Eastern,Kween,Kitawoi,3092,474,3566,1308,516,1824,
Eastern,Kween,Kwanyiy,4428,436,4864,1814,524,2338,
Eastern,Kween,Kwosir,3951,1515,5466,986,1776,2762,
Eastern,Kween,Moyok,2147,763,2910,321,881,1202,
Eastern,Kween,Ngenge,5183,863,6046,1403,728,2131,
Eastern,Kween,Kween Total,39115,8028,47143,11746,8933,20679,
Eastern,Luuka,Bukanga,12577,7290,19867,1875,8109,9984,
Eastern,Luuka,Bukooma,15295,3420,18715,4539,4862,9401,
Eastern,Luuka,Bulongo,9062,4222,13284,1623,5231,6854,
Eastern,Luuka,Ikumbya,12439,3262,15701,1834,6002,7836,
Eastern,Luuka,Irongo,9088,3524,12612,710,5741,6451,
Eastern,Luuka,Luuka Town Council,3766,1268,5034,634,1597,2231,
Eastern,Luuka,Nawampiti,9102,1225,10327,3536,1630,5166,
Eastern,Luuka,Waibuga,12575,5140,17715,2146,6566,8712,
Eastern,Luuka,Luuka Total,83904,29351,113255,16897,39738,56635,
Eastern,Manafwa,Bubutu,8100,2954,11054,553,4557,5110,
Eastern,Manafwa,Bugobero,4930,1654,6584,482,2535,3017,
Eastern,Manafwa,Bukhabusi,4059,877,4936,700,1538,2238,
Eastern,Manafwa,Bukhaweka,3305,1282,4587,234,1840,2074,
Eastern,Manafwa,Bukhofu,2913,654,3567,415,1258,1673,
Eastern,Manafwa,Bukiabi,4637,675,5312,1367,988,2355,
Eastern,Manafwa,Bukokho,8709,219,8928,3810,292,4102,
Eastern,Manafwa,Bukusu,4846,1327,6173,185,2560,2745,
Eastern,Manafwa,Bumbo,7205,692,7897,2424,1230,3654,
Eastern,Manafwa,Bumwoni,8509,804,9313,3188,1006,4194,
Eastern,Manafwa,Bunabwana,4455,1346,5801,450,2174,2624,
Eastern,Manafwa,Bupoto,4274,2493,6767,889,2123,3012,
Eastern,Manafwa,Busukuya,4762,1604,6366,361,2511,2872,
Eastern,Manafwa,Butiru,7666,1060,8726,2429,1385,3814,
Eastern,Manafwa,Butta,1666,417,2083,410,522,932,
Eastern,Manafwa,Buwabwala,2847,647,3494,405,1064,1469,
Eastern,Manafwa,Buwagogo,2759,758,3517,324,1222,1546,
Eastern,Manafwa,Kaato,3640,1253,4893,472,1554,2026,
Eastern,Manafwa,Khabutoola,6203,1514,7717,1234,2326,3560,
Eastern,Manafwa,Lwakhakha Town Council,3394,1145,4539,340,1670,2010,
Eastern,Manafwa,Magale,8115,2052,10167,1423,3030,4453,
Eastern,Manafwa,Manafwa Town Council,5223,2057,7280,533,2397,2930,
Eastern,Manafwa,Mukoto,3232,726,3958,368,1332,1700,
Eastern,Manafwa,Nalondo,2743,276,3019,968,392,1360,
Eastern,Manafwa,Namabya,4606,536,5142,1398,943,2341,
Eastern,Manafwa,Namboko,3697,1004,4701,556,1796,2352,
Eastern,Manafwa,Sibanga,2951,855,3806,291,1365,1656,
Eastern,Manafwa,Sisuni,1582,372,1954,252,638,890,
Eastern,Manafwa,Tsekululu,6684,1537,8221,1250,2111,3361,
Eastern,Manafwa,Weswa,3252,584,3836,936,696,1632,
Eastern,Manafwa,Manafwa Total,140964,33374,174338,28647,49055,77702,
Eastern,Mayuge,Baitambogwe,14630,5275,19905,2642,5925,8567,
Eastern,Mayuge,Bukabooli,16943,2422,19365,4467,5039,9506,
Eastern,Mayuge,Bukatube,15535,3761,19296,4147,4420,8567,
Eastern,Mayuge,Busakira,10929,2800,13729,3019,4061,7080,
Eastern,Mayuge,Buwaaya,7443,2780,10223,1369,3691,5060,
Eastern,Mayuge,Imanyiro,10166,4926,15092,2165,5122,7287,
Eastern,Mayuge,Jaguzi,5498,1792,7290,417,1494,1911,
Eastern,Mayuge,Kigandalo,12913,1501,14414,5054,2222,7276,
Eastern,Mayuge,Kityerera,17084,4383,21467,4651,5386,10037,
Eastern,Mayuge,Malongo,41606,5756,47362,11855,8725,20580,
Eastern,Mayuge,Mayuge Town Council,5272,3679,8951,515,3145,3660,
Eastern,Mayuge,Mpungwe,9292,2739,12031,1909,4012,5921,
Eastern,Mayuge,Wairasa,13318,3920,17238,2867,4350,7217,
Eastern,Mayuge,Mayuge Total,180629,45734,226363,45077,57592,102669,
Eastern,Mbale,Industrial Divison,13798,9602,23400,828,6722,7550,
Eastern,Mbale,Northern Division,11651,9814,21465,539,5841,6380,
Eastern,Mbale,Wanale Division,5029,3433,8462,202,2588,2790,
Eastern,Mbale,Bubyangu,4658,5728,10386,322,4334,4656,
Eastern,Mbale,Budwale,3293,497,3790,1069,724,1793,
Eastern,Mbale,Bufumbo,5755,3948,9703,448,4493,4941,
Eastern,Mbale,Bukasakya,10013,6059,16072,897,5072,5969,
Eastern,Mbale,Bukiende,9369,2023,11392,2903,1896,4799,
Eastern,Mbale,Bukonde,7568,2340,9908,929,3269,4198,
Eastern,Mbale,Bumasikye,3816,2640,6456,248,2517,2765,
Eastern,Mbale,Bumbobi,6345,2304,8649,903,2714,3617,
Eastern,Mbale,Bungokho,11513,3599,15112,1501,4519,6020,
Eastern,Mbale,Bungokho Mutoto,11711,7205,18916,1031,6152,7183,
Eastern,Mbale,Busano,4231,3220,7451,475,2886,3361,
Eastern,Mbale,Busiu,10248,2239,12487,3093,2452,5545,
Eastern,Mbale,Busoba,8947,1925,10872,2386,2313,4699,
Eastern,Mbale,Lukhonge,4090,748,4838,1228,1031,2259,
Eastern,Mbale,Lwasso,3989,594,4583,1088,795,1883,
Eastern,Mbale,Nakaloke,5839,5552,11391,608,4504,5112,
Eastern,Mbale,Nakaloke Town Council,8772,5818,14590,503,5346,5849,
Eastern,Mbale,Namanyonyi,11165,5199,16364,1745,4790,6535,
Eastern,Mbale,Nyondo,4269,2189,6458,426,2250,2676,
Eastern,Mbale,Wanale,5992,660,6652,2188,826,3014,
Eastern,Mbale,Mbale Total,172061,87336,259397,25560,78034,103594,
Eastern,Namayingo,Banda,17333,2976,20309,5222,4648,9870,
Eastern,Namayingo,Bukana,2784,1191,3975,664,957,1621,
Eastern,Namayingo,Buhemba,10554,1835,12389,3172,2633,5805,
Eastern,Namayingo,Buswale,10642,2082,12724,2854,3123,5977,
Eastern,Namayingo,Buyinja,8432,1726,10158,2723,2501,5224,
Eastern,Namayingo,Lolwe,5536,1666,7202,301,1069,1370,
Eastern,Namayingo,Mutumba,14064,5005,19069,2098,7098,9196,
Eastern,Namayingo,Namayingo Town Council,5941,1642,7583,1147,2324,3471,
Eastern,Namayingo,Sigulu Island,6473,1687,8160,715,2116,2831,
Eastern,Namayingo,Namayingo Total,81759,19810,101569,18896,26469,45365,
Eastern,Namutumba,Bulange,16275,4071,20346,3476,6046,9522,
Eastern,Namutumba,Ivukula,16602,4077,20679,3906,5934,9840,
Eastern,Namutumba,Kibaale,12071,3284,15355,2387,5176,7563,
Eastern,Namutumba,Magada,18333,3917,22250,5423,5606,11029,
Eastern,Namutumba,Namutumba,14168,3363,17531,3786,4736,8522,
Eastern,Namutumba,Namutumba Town Council,5179,4260,9439,434,3585,4019,
Eastern,Namutumba,Nsinze,8683,3449,12132,940,4989,5929,
Eastern,Namutumba,Namutumba Total,91311,26421,117732,20352,36072,56424,
Eastern,Ngora,Kapir,3319,12024,15343,502,6470,6972,
Eastern,Ngora,Kobwin,2817,12879,15696,510,7092,7602,
Eastern,Ngora,Mukura,5259,11891,17150,943,6731,7674,
Eastern,Ngora,Ngora,5456,8522,13978,985,5485,6470,
Eastern,Ngora,Ngora Town Council,5381,2115,7496,1144,1894,3038,
Eastern,Ngora,Ngora Total,22232,47431,69663,4084,27672,31756,
Eastern,Pallisa,Butebo,11182,2535,13717,3534,3062,6596,
Eastern,Pallisa,Kabwangasi,6756,6928,13684,674,5778,6452,
Eastern,Pallisa,Kakoro,6093,2197,8290,1120,2926,4046,
Eastern,Pallisa,Kanginima,4182,475,4657,1673,576,2249,
Eastern,Pallisa,Kibale,6530,1137,7667,2097,1601,3698,
Eastern,Pallisa,Opwateta,7136,766,7902,2939,910,3849,
Eastern,Pallisa,Petete,10590,1447,12037,4492,1627,6119,
Eastern,Pallisa,Kamuge,7606,2394,10000,3105,1942,5047,
Eastern,Pallisa,Kasodo,5195,1571,6766,1841,1483,3324,
Eastern,Pallisa,Olok,5544,1932,7476,1943,2031,3974,
Eastern,Pallisa,Pallisa,6845,417,7262,3106,531,3637,
Eastern,Pallisa,Pallisa Town Council,10485,5558,16043,1650,5575,7225,
Eastern,Pallisa,Puti-Puti,9540,1732,11272,3173,2382,5555,
Eastern,Pallisa,Agule,8048,651,8699,3318,727,4045,
Eastern,Pallisa,Akisim,5192,1314,6506,1625,1375,3000,
Eastern,Pallisa,Apopong,9454,2547,12001,2777,3296,6073,
Eastern,Pallisa,Chelekura,4002,1566,5568,656,2203,2859,
Eastern,Pallisa,Gogonyo,12466,1820,14286,4586,2374,6960,
Eastern,Pallisa,Kameke,6326,1756,8082,1482,2513,3995,
Eastern,Pallisa,Pallisa Total,143172,38743,181915,45791,42912,88703,
Eastern,Serere,Bugondo,13490,2998,16488,3174,4837,8011,
Eastern,Serere,Kadungulu,11702,2964,14666,2561,4591,7152,
Eastern,Serere,Kasilo Town Council,1300,518,1818,78,676,754,
Eastern,Serere,Labori,6595,2639,9234,1321,2770,4091,
Eastern,Serere,Pingire,13976,2267,16243,4946,2535,7481,
Eastern,Serere,Atiira,8938,1330,10268,2929,1706,4635,
Eastern,Serere,Kateta,20696,4990,25686,4880,7325,12205,
Eastern,Serere,Kyere,19220,3501,22721,6599,4364,10963,
Eastern,Serere,Olio,10985,2988,13973,3416,2917,6333,
Eastern,Serere,Serere Town Council,2662,1911,4573,193,1399,1592,
Eastern,Serere,Serere Total,109564,26106,135670,30097,33120,63217,
Eastern,Sironko,Budadiri Town Council,7370,2383,9753,1711,2493,4204,
Eastern,Sironko,Bugitimwa,3699,822,4521,342,1494,1836,
Eastern,Sironko,Buhugu,2944,1093,4037,268,1426,1694,
Eastern,Sironko,Bukhulo,6250,2566,8816,304,3902,4206,
Eastern,Sironko,Bukiise,8695,2172,10867,1567,2871,4438,
Eastern,Sironko,Bukiyi,5395,1517,6912,856,2045,2901,
Eastern,Sironko,Bukyabo,2670,882,3552,79,1582,1661,
Eastern,Sironko,Bukyambi,1414,525,1939,129,701,830,
Eastern,Sironko,Bumalimba,6919,2011,8930,701,2987,3688,
Eastern,Sironko,Bumasifwa,4402,1129,5531,338,1879,2217,
Eastern,Sironko,Bunyafa,4685,1320,6005,370,2316,2686,
Eastern,Sironko,Busulani,2953,1150,4103,228,1504,1732,
Eastern,Sironko,Butandiga,2487,688,3175,377,1045,1422,
Eastern,Sironko,Buteza,4605,1049,5654,572,1967,2539,
Eastern,Sironko,Buwalasi,5881,1718,7599,528,2442,2970,
Eastern,Sironko,Buwasa,3609,1252,4861,344,1670,2014,
Eastern,Sironko,Buyobo,5272,1906,7178,847,2074,2921,
Eastern,Sironko,Masaba,4300,917,5217,404,1818,2222,
Eastern,Sironko,Nalusala,3991,1111,5102,305,1733,2038,
Eastern,Sironko,Sironko Town Council,5682,3301,8983,383,3410,3793,
Eastern,Sironko,Zesui,4531,1011,5542,358,2022,2380,
Eastern,Sironko,Sironko Total,97754,30523,128277,11011,43381,54392,
Eastern,Soroti,Eastern Division,7154,4033,11187,574,2793,3367,
Eastern,Soroti,Northern Division,6258,4329,10587,461,2809,3270,
Eastern,Soroti,Western Division,4316,2820,7136,233,1890,2123,
Eastern,Soroti,Tubur,9551,702,10253,4045,1019,5064,
Eastern,Soroti,Kamuda,12454,5208,17662,2948,5478,8426,
Eastern,Soroti,Asuret,16832,2208,19040,6279,2421,8700,
Eastern,Soroti,Katine,14033,2237,16270,5066,2732,7798,
Eastern,Soroti,Soroti,8766,4680,13446,1156,4014,5170,
Eastern,Soroti,Arapai,18510,1455,19965,7789,1242,9031,
Eastern,Soroti,Gweri,19751,3687,23438,4847,5750,10597,
Eastern,Soroti,Soroti Total,117625,31359,148984,33398,30148,63546,
Eastern,Tororo,Kwapa,9670,736,10406,3982,807,4789,
Eastern,Tororo,Malaba Town Council,6413,3234,9647,606,2760,3366,
Eastern,Tororo,Mella,8858,965,9823,3271,1198,4469,
Eastern,Tororo,Merikit,11419,1204,12623,4289,1379,5668,
Eastern,Tororo,Molo,6729,2654,9383,2262,2079,4341,
Eastern,Tororo,Mukuju,14014,5091,19105,1578,7133,8711,
Eastern,Tororo,Osukuru,20257,3308,23565,6849,3144,9993,
Eastern,Tororo,Iyolwa,8895,557,9452,3678,960,4638,
Eastern,Tororo,Kirewa,11716,1803,13519,3531,2934,6465,
Eastern,Tororo,Kisoko,9130,630,9760,3717,651,4368,
Eastern,Tororo,Magola,8032,783,8815,2932,1128,4060,
Eastern,Tororo,Mulanda,16893,1939,18832,6321,2410,8731,
Eastern,Tororo,Nabuyoga,12362,2132,14494,3942,3083,7025,
Eastern,Tororo,Nagongera,8824,3603,12427,1974,3890,5864,
Eastern,Tororo,Nagongera Town Council,4541,1587,6128,1115,1649,2764,
Eastern,Tororo,Paya,11564,2683,14247,3051,3477,6528,
Eastern,Tororo,Petta,7580,239,7819,3292,245,3537,
Eastern,Tororo,Rubongi,11180,7751,18931,1168,7289,8457,
Eastern,Tororo,Sop-Sop,5872,1006,6878,1969,1199,3168,
Eastern,Tororo,Eastern Division,6987,3638,10625,957,3018,3975,
Eastern,Tororo,Western Division,7289,5740,13029,514,4192,4706,
Eastern,Tororo,Tororo Total,208225,51283,259508,60998,54625,115623,
