Region,District,Sub-county,Male,Female,Total,Sex Ratio*,Land Area (Sq. Km),Population Density**
Western,Buhweju,Bihanga,"6,543","6,746","13,289",49.2,98,136
Western,Buhweju,Bitsya,"7,664","8,216","15,880",48.3,64.6,246
Western,Buhweju,Burere,"9,473","9,748","19,221",49.3,185.8,103
Western,Buhweju,Engaju,"9,269","9,712","18,981",48.8,175.8,108
Western,Buhweju,Karungu,"7,366","8,072","15,438",47.7,50,309
Western,Buhweju,Nsiika Town Council,"1,450","1,506","2,956",49.1,15,197
Western,Buhweju,Nyakishana,9024,8966,17990,50.2,82.5,218
Western,Buhweju,Rwengwe,8270,8695,16965,48.7,79.1,214
Western,Buhweju,Buhweju Total,59059,61661,120720,48.9,750.8,161
Western,Buliisa,Biiso,8066,8312,16378,97,290.7,56.3
Western,Buliisa,Buliisa,8461,8677,17138,97.5,375.4,45.7
Western,Buliisa,Buliisa Town Council,3703,3535,7238,104.8,33.3,217.4
Western,Buliisa,Butiaba,16366,12545,28911,130.5,182.7,158.2
Western,Buliisa,Kigwera,6871,6757,13628,101.7,50.4,270.4
Western,Buliisa,Kihungya,5915,6481,12396,91.3,64.8,191.3
Western,Buliisa,Ngwedo,8419,9053,17472,93,113.5,153.9
Western,Buliisa,Buliisa Total,57801,55360,113161,104.4,1110.8,101.9
Western,Bundibugyo,Bubandi,10438,11201,21639,93.2,23.6,917
Western,Bundibugyo,Bubukwanga,11093,12014,23107,92.3,112.5,205
Western,Bundibugyo,Bukonzo,5224,5463,10687,95.6,32.8,326
Western,Bundibugyo,Bundibugyo Town Council,9153,9799,18952,93.4,10,1895
Western,Bundibugyo,Busaru,7212,7628,14840,94.5,27.4,542
Western,Bundibugyo,Harugale,6206,6394,12600,97.1,76,166
Western,Bundibugyo,Kasitu,10436,10771,21207,96.9,180.5,117
Western,Bundibugyo,Kirumya,5425,5741,11166,94.5,22.6,494
Western,Bundibugyo,Kisubba,8094,8782,16876,92.2,50.6,334
Western,Bundibugyo,Mirambi,6245,6914,13159,90.3,20.1,655
Western,Bundibugyo,Nduguto,5660,5746,11406,98.5,62.7,182
Western,Bundibugyo,Ngamba,5161,5343,10504,96.6,35,300
Western,Bundibugyo,Ntotoro,4920,5579,10499,88.2,26.7,393
Western,Bundibugyo,Nyahuka Town Council,7890,8806,16696,89.6,13.2,1265
Western,Bundibugyo,Sindila,5278,5771,11049,91.5,156.2,71
Western,Bundibugyo,Bundibugyo Total,108435,115952,224387,93.5,849.9,264
Western,Bushenyi,Central Divison,8429,8184,16613,103,35.7,465.4
Western,Bushenyi,Ishaka Divison,7900,8539,16439,92.5,20.1,817.9
Western,Bushenyi,Nyakabirizi Division,3961,4204,8165,94.2,34.4,237.4
Western,Bushenyi,Bitooma,6680,6731,13411,99.2,44.5,301.4
Western,Bushenyi,Bumbaire,6802,7419,14221,91.7,47.4,300
Western,Bushenyi,Ibaare,5439,6145,11584,88.5,30.3,382.3
Western,Bushenyi,Kakanju,11092,11752,22844,94.4,56.8,402.2
Western,Bushenyi,Kyabugimbi,9245,10030,19275,92.2,56.6,340.5
Western,Bushenyi,Kyamuhunga,17687,18142,35829,97.5,290.3,123.4
Western,Bushenyi,Kyeizooba,12944,13696,26640,94.5,86,309.8
Western,Bushenyi,Nyabubare,17378,18533,35911,93.8,91.4,392.9
Western,Bushenyi,Ruhumuro,6650,6861,13511,96.9,51.8,260.8
Western,Bushenyi,Bushenyi Total,114207,120236,234443,95,845.3,277.3
Western,Hoima,Bugambe,15320,14725,30045,104,213.6,289
Western,Hoima,Buhanika,7412,6760,14172,109.6,105.9,129
Western,Hoima,Buhimba,19935,19372,39307,102.9,276.4,382
Western,Hoima,Buseruka,21772,20733,42505,105,398.2,405
Western,Hoima,Kabwoya,34385,32445,66830,106,798.4,631
Western,Hoima,Kigorobya,33324,33797,67121,98.6,316.2,681
Western,Hoima,Kigorobya Town Council,2734,3111,5845,87.9,9.2,67
Western,Hoima,Kitoba,17513,17297,34810,101.2,198.5,344
Western,Hoima,Kiziranfumbi,17769,17415,35184,102,223.3,345
Western,Hoima,Kyabigambire,21129,19850,40979,106.4,313,385
Western,Hoima,Kyangwali,48981,47108,96089,104,586.4,924
Western,Hoima,Bujumbura Division,10632,11567,22199,91.9,56.9,242
Western,Hoima,Busiisi Division,9548,9739,19287,98,82.7,197
Western,Hoima,Mparo Divison,11299,11856,23155,95.3,74.3,243
Western,Hoima,Kahoora Divison,16153,19305,35458,83.7,13.4,424
Western,Hoima,Hoima Total,287906,285080,572986,101,3666.4,5674
Western,Ibanda,Bisheshe,11966,12593,24559,95,118.2,208
Western,Ibanda,Ibanda Town Council,15601,17151,32752,91,53.6,611
Western,Ibanda,Igorora Town Council,2751,3129,5880,87.9,14.1,417
Western,Ibanda,Ishongororo,7145,7553,14698,94.6,61.8,238
Western,Ibanda,Ishongororo Town Council,10919,11339,22258,96.3,68.5,325
Western,Ibanda,Kashangura,8426,8902,17328,94.7,59.2,293
Western,Ibanda,Keihangara,5483,6025,11508,91,44.7,257
Western,Ibanda,Kicuzi,7961,8549,16510,93.1,104,159
Western,Ibanda,Kijongo,5077,5622,10699,90.3,34.3,312
Western,Ibanda,Kikyenkye,7107,7812,14919,91,46.8,319
Western,Ibanda,Nsasi,4037,4132,8169,97.7,34,240
Western,Ibanda,Nyabuhikye,9354,9538,18892,98.1,91,208
Western,Ibanda,Nyamarebe,11988,11250,23238,106.6,126.5,184
Western,Ibanda,Rukiri,11787,12511,24298,94.2,97.6,249
Western,Ibanda,Rushango Town Council,1838,2079,3917,88.4,16.7,235
Western,Ibanda,Ibanda Total,121440,128185,249625,94.7,971,257
Western,Isingiro,Birere,10314,10915,21229,94.5,,
Western,Isingiro,Endiinzi,11928,12123,24051,98.4,,
Western,Isingiro,Isingiro Town Council,13613,14378,27991,94.7,,
Western,Isingiro,Kaberebere Town Council,3354,3389,6743,99,,
Western,Isingiro,Kabingo,10582,11263,21845,94,,
Western,Isingiro,Kabuyanda,10036,11157,21193,90,,
Western,Isingiro,Kabuyanda Town Council,7811,8565,16376,91.2,,
Western,Isingiro,Kashumba,11071,11070,22141,100,,
Western,Isingiro,Kikagate,23807,26724,50531,89.1,,
Western,Isingiro,Masha,12938,13135,26073,98.5,,
Western,Isingiro,Mbaare,16420,17038,33458,96.4,,
Western,Isingiro,Nakivale Refugee Camp,27276,28594,55870,95.4,,
Western,Isingiro,Ngarama,16911,17847,34758,94.8,,
Western,Isingiro,Nyakitunda,19504,22050,41554,88.5,,
Western,Isingiro,Nyamuyanja,7459,8254,15713,90.4,,
Western,Isingiro,Oruchinga Refugee Camp,1499,1691,3190,88.6,,
Western,Isingiro,Ruborogota,8628,8935,17563,96.6,,
Western,Isingiro,Rugaaga,16045,16970,33015,94.5,,
Western,Isingiro,Rushasha,6425,6641,13066,96.7,,
Western,Isingiro,Isingiro Total,235621,250739,486360,94,,
Western,Kabale,Central Division,7662,8228,15890,93.1,8.4,1892
Western,Kabale,Northern Division,6037,6449,12486,93.6,8.9,1403
Western,Kabale,Southern Division,10359,10451,20810,99.1,15.8,1317
Western,Kabale,Bubaare,15908,17912,33820,88.8,77.9,434
Western,Kabale,Bufundi,11685,13906,25591,84,80.7,317
Western,Kabale,Buhara,12101,13598,25699,89,83.7,307
Western,Kabale,Bukinda,4898,4960,9858,98.8,59.9,165
Western,Kabale,Butanda,8349,9782,18131,85.4,50.1,362
Western,Kabale,Hamurwa,12637,14348,26985,88.1,91.2,296
Western,Kabale,Hamurwa Town Council,2403,2697,5100,89.1,15.9,321
Western,Kabale,Ikumba,14307,16998,31305,84.2,129.6,242
Western,Kabale,Kaharo,9400,10000,19400,94,65,298
Western,Kabale,Kamuganguzi,9675,11015,20690,87.8,73.5,281
Western,Kabale,Kamwezi,12652,13886,26538,91.1,130.4,204
Western,Kabale,Kashambya,12112,13946,26058,86.8,126.1,207
Western,Kabale,Katuna Town Council,4892,5176,10068,94.5,8.2,1228
Western,Kabale,Kitumba,9127,9805,18932,93.1,45.9,412
Western,Kabale,Kyanamira,9457,10474,19931,90.3,58.5,341
Western,Kabale,Maziba,10193,10879,21072,93.7,95.2,221
Western,Kabale,Muhanga Town Council,5896,5862,11758,100.6,26.1,450
Western,Kabale,Muko,22194,24342,46536,91.2,143,325
Western,Kabale,Nyamweru,8155,9205,17360,88.6,60.4,287
Western,Kabale,Rubaya,12791,14709,27500,87,80.5,342
Western,Kabale,Ruhija,4722,5477,10199,86.2,61.5,166
Western,Kabale,Rwamucucu,12637,13877,26514,91.1,83.8,316
Western,Kabale,Kabale Total,250249,277982,528231,90,1680.2,314
Western,Kabarole,Eastern Division,9057,9467,18524,95.7,16.8,1103
Western,Kabarole,Southern Division,7831,8796,16627,89,10.6,1569
Western,Kabarole,Western Division,9541,9094,18635,104.9,13,1433
Western,Kabarole,Buheesi,17831,18291,36122,97.5,116.4,310
Western,Kabarole,Bukuuku,5470,5556,11026,98.5,35.9,307
Western,Kabarole,Busoro,13230,12754,25984,103.7,111.8,232
Western,Kabarole,Hakibaale,18547,17828,36375,104,135.9,268
Western,Kabarole,Kabonero,9623,9731,19354,98.9,109.8,176
Western,Kabarole,Karago Town Council,4874,4869,9743,100.1,24.2,403
Western,Kabarole,Karambi,12789,13195,25984,96.9,43.5,597
Western,Kabarole,Karangura,6181,6159,12340,100.4,26.4,467
Western,Kabarole,Kasenda,11691,12399,24090,94.3,181.7,133
Western,Kabarole,Katebwa,10249,10609,20858,96.6,67.7,308
Western,Kabarole,Kibiito,9288,9509,18797,97.7,41.2,456
Western,Kabarole,Kibiito Town Council,6177,6611,12788,93.4,23.5,544
Western,Kabarole,Kicwamba,17723,17388,35111,101.9,113.8,308
Western,Kabarole,Kijura Town Council,5674,5058,10732,112.2,261.6,41
Western,Kabarole,Kiko Town Council,6093,5928,12021,102.8,49.5,243
Western,Kabarole,Kisomoro,11478,12012,23490,95.6,37.1,633
Western,Kabarole,Mugusu,11890,11812,23702,100.7,38.4,617
Western,Kabarole,Rubona Town Council,2752,2850,5602,96.6,19.4,289
Western,Kabarole,Ruteete,9024,9071,18095,99.5,161,112
Western,Kabarole,Rwimi,8381,8639,17020,97,130.9,130
Western,Kabarole,Rwimi Town Council,8254,7962,16216,103.7,40.1,404
Western,Kabarole,Kabarole Total,233648,235588,469236,99.2,1810.2,259
Western,Kamwenge,Biguli,17000,17231,34231,98.7,167.9,204
Western,Kamwenge,Bihanga,6967,7341,14308,94.9,157.5,91
Western,Kamwenge,Buhanda,11586,12415,24001,93.3,101.9,236
Western,Kamwenge,Busiriba,13489,14555,28044,92.7,319.2,88
Western,Kamwenge,Bwizi,14044,14720,28764,95.4,127.9,225
Western,Kamwenge,Kabambiro,7327,8157,15484,89.8,65.2,237
Western,Kamwenge,Kahunge,17590,18810,36400,93.5,243.1,150
Western,Kamwenge,Kamwenge,10604,11406,22010,93,231.9,95
Western,Kamwenge,Kamwenge Town Council,9578,9708,19286,98.7,68.1,283
Western,Kamwenge,Kanara,6613,7058,13671,93.7,171.6,80
Western,Kamwenge,Kicheche,12875,13463,26338,95.6,85.4,308
Western,Kamwenge,Mahyoro,14567,14540,29107,100.2,101,288
Western,Kamwenge,Nkoma,16113,15841,31954,101.7,314.2,102
Western,Kamwenge,Ntara,13773,14943,28716,92.2,101.4,283
Western,Kamwenge,Nyabbani,10552,11401,21953,92.6,89.6,245
Western,Kamwenge,Rwamwanja Refugee Camp,19825,20362,40187,97.4,-,-
Western,Kamwenge,Kamwenge Total,202503,211951,414454,95.5,2346,177
Western,Kanungu,Butogota Town Council,5005,5310,10315,94.3,3.2,3223.4
Western,Kanungu,Inyanga,3553,3870,7423,91.8,26.2,283.3
Western,Kanungu,Kambuga,10520,11468,21988,91.7,72.4,303.7
Western,Kanungu,Kambuga Town Council,2813,3012,5825,93.4,4,1456.3
Western,Kanungu,Kanungu Town Council,7214,7842,15056,92,45.4,331.6
Western,Kanungu,Kanyantorogo,9158,9791,18949,93.5,69.2,273.8
Western,Kanungu,Katete,3466,3810,7276,91,33.6,216.5
Western,Kanungu,Kayonza,13476,14112,27588,95.5,119.1,231.6
Western,Kanungu,Kihihi,8874,9093,17967,97.6,260.8,68.9
Western,Kanungu,Kihiihi Town Council,9490,10322,19812,91.9,49.1,403.5
Western,Kanungu,Kinaaba,3901,4577,8478,85.2,37.3,227.3
Western,Kanungu,Kirima,8481,9174,17655,92.4,79.5,222.1
Western,Kanungu,Mpungu,5446,6500,11946,83.8,210.1,56.9
Western,Kanungu,Nyakinoni,4301,4442,8743,96.8,36.3,240.9
Western,Kanungu,Nyamirama,9107,9707,18814,93.8,73.9,254.6
Western,Kanungu,Rugyeyo,9902,10829,20731,91.4,66.3,312.7
Western,Kanungu,Rutenga,6374,7204,"13,578",88.5,88.7,153.1
Western,Kanungu,Kanungu Total,121081,131063,252144,92.4,1275.1,197.7
Western,Kasese,Bulembia Division,6543,6708,13251,97.5,62.4,212
Western,Kasese,Central Division,14980,16731,31711,89.5,25.9,1224
Western,Kasese,Nyamwamba Division,26908,29195,56103,92.2,65.8,853
Western,Kasese,Bugoye,17191,18340,35531,93.7,205.1,173
Western,Kasese,Buhuhira,9020,9270,18290,97.3,37.4,489
Western,Kasese,Bwera,8289,9220,17509,89.9,13.3,1316
Western,Kasese,Bwesumbu,10381,10754,21135,96.5,97.5,217
Western,Kasese,Hima Town Council,6540,6595,13135,99.2,29.3,448
Western,Kasese,Ihandiro,6448,6813,13261,94.6,48.2,275
Western,Kasese,Isango,3960,4269,8229,92.8,13.5,610
Western,Kasese,Karambi,12371,13421,25792,92.2,20.1,1283
Western,Kasese,Karusandara,6046,5911,11957,102.3,154.6,77
Western,Kasese,Katwe Kabatoro Town Council,3272,3131,6403,104.5,13.2,485
Western,Kasese,Kilembe,6512,6790,13302,95.9,78.4,170
Western,Kasese,Kisinga,19559,20956,40515,93.3,97.8,414
Western,Kasese,Kitholhu,8161,8710,16871,93.7,54,312
Western,Kasese,Kitswamba,15027,14680,29707,102.4,161.9,183
Western,Kasese,Kyabarungira,8019,8341,16360,96.1,24.3,673
Western,Kasese,Kyarumba,20407,21667,42074,94.2,155.8,270
Western,Kasese,Kyondo,11698,12267,23965,95.4,152.6,157
Western,Kasese,Lake Katwe,9989,9647,19636,103.5,565.5,35
Western,Kasese,Mahango,9507,10368,19875,91.7,31.7,627
Western,Kasese,Maliba,23167,23485,46652,98.6,215.4,217
Western,Kasese,Mpondwe-Lhubiriha,24444,26907,51351,90.8,20.1,2555
Western,Kasese,Muhokya,9478,9744,19222,97.3,317.3,61
Western,Kasese,Munkunyu,16080,17561,33641,91.6,42.4,793
Western,Kasese,Nyakatonzi,2588,2409,4997,107.4,104.8,48
Western,Kasese,Nyakiyumbu,14752,15761,30513,93.6,103.5,295
Western,Kasese,Rukoki,6878,7121,13999,96.6,37.4,374
Western,Kasese,Kasese Total,338215,356772,694987,94.8,2949.2,236
Western,Kibaale,Birembo,13552,13902,27454,97.5,103,267
Western,Kibaale,Bubango,9208,8945,18153,102.9,191.5,95
Western,Kibaale,Burora,6353,6762,13115,94,56.2,233
Western,Kibaale,Bwamiramira,9143,9037,18180,101.2,162.8,112
Western,Kibaale,Bwanswa,8491,8113,16604,104.7,151.3,110
Western,Kibaale,Bwikara,20528,21105,41633,97.3,160.9,259
Western,Kibaale,Kabamba,8430,8754,17184,96.3,97.9,176
Western,Kibaale,Kagadi,6504,6571,13075,99,65.1,201
Western,Kibaale,Kagadi  Town Council,10886,12008,22894,90.7,48,477
Western,Kibaale,Kakindo,29517,29491,59008,100.1,294.2,201
Western,Kibaale,Kakumiro  Town Council,4774,5060,9834,94.3,53.2,185
Western,Kibaale,Kasambya,15925,15507,31432,102.7,212.4,148
Western,Kibaale,Kibaale Town Council,3226,3424,6650,94.2,23.1,288
Western,Kibaale,Kiryanga,12170,12134,24304,100.3,151.3,161
Western,Kibaale,Kisiita,29189,29318,58507,99.6,134.2,436
Western,Kibaale,Kyakabadiima,4498,5000,9498,90,30.8,308
Western,Kibaale,Kyanaisoke,7602,7719,15321,98.5,67.4,227
Western,Kibaale,Kyaterekera,11872,12410,24282,95.7,88.4,275
Western,Kibaale,Kyebando,11847,11528,23375,102.8,193.3,121
Western,Kibaale,Kyenzige,7801,8362,16163,93.3,63.4,255
Western,Kibaale,Mabaale,12458,13045,25503,95.5,98,260
Western,Kibaale,Matale,8890,8955,17845,99.3,153.5,116
Western,Kibaale,Mpasaana,11544,11477,23021,100.6,123.6,186
Western,Kibaale,Mpeefu,18927,19923,38850,95,143.4,271
Western,Kibaale,Mugarama,6001,5877,11878,102.1,90.6,131
Western,Kibaale,Muhorro,7061,7448,14509,94.8,70.8,205
Western,Kibaale,Muhorro  Town Council,10826,11566,22392,93.6,53.5,419
Western,Kibaale,Nalweyo,16448,16124,32572,102,330.7,99
Western,Kibaale,Ndaiga,4498,4162,8660,108.1,37.9,229
Western,Kibaale,Nkooko,17717,16959,34676,104.5,266.8,130
Western,Kibaale,Nyamarunda,12369,12487,24856,99.1,174.1,143
Western,Kibaale,Nyamarwa,10131,9879,20010,102.6,-,-
Western,Kibaale,Paacwa,7911,8170,16081,96.8,81.3,198
Western,Kibaale,Rugashari,7698,8047,15745,95.7,61.2,257
Western,Kibaale,Ruteete,5789,6035,11824,95.9,44.9,263
Western,Kibaale,Kibaale Total,389784,395304,785088,98.6,4078.7,193
Western,Kiruhura,Buremba,10468,10535,21003,99.4,188.8,111
Western,Kiruhura,Burunga,12471,11498,23969,108.5,328.1,73
Western,Kiruhura,Engari,12160,12846,25006,94.7,173.3,144
Western,Kiruhura,Kanoni,8121,8697,16818,93.4,81.1,207
Western,Kiruhura,Kanyaryeru,3856,3629,7485,106.3,103,73
Western,Kiruhura,Kashongi,12409,12623,25032,98.3,259.2,97
Western,Kiruhura,Kazo,14168,14656,28824,96.7,241.8,119
Western,Kiruhura,Kazo Town Council,6499,6445,12944,100.8,105.9,122
Western,Kiruhura,Kenshunga,13481,11896,25377,113.3,388,65
Western,Kiruhura,Kikaatsi,10032,8890,18922,112.9,521.3,36
Western,Kiruhura,Kinoni,10747,9906,20653,108.5,386.4,53
Western,Kiruhura,Kiruhura Town Council,2920,2669,5589,109.4,126.8,44
Western,Kiruhura,Kitura,7475,8129,15604,92,82.4,189
Western,Kiruhura,Nkungu,12264,12727,24991,96.4,161.4,155
Western,Kiruhura,Nyakashashara,8948,7307,16255,122.5,593.8,27
Western,Kiruhura,Rwemikoma,11900,11599,23499,102.6,277.4,85
Western,Kiruhura,Sanga,3637,3392,7029,107.2,457.5,15
Western,Kiruhura,Sanga Town Council,4658,4419,9077,105.4,84.2,108
Western,Kiruhura,Kiruhura Total,166214,161863,328077,102.7,4560.4,72
Western,Kiryandongo,Bweyale Town Council,15038,16135,31173,93.2,44.3,704
Western,Kiryandongo,Kigumba,22197,21743,43940,102.1,292.1,150
Western,Kiryandongo,Kigumba Town Council,8850,9775,18625,90.5,27.2,685
Western,Kiryandongo,Kiryandongo,40621,39736,80357,102.2,2263.4,36
Western,Kiryandongo,Kiryandongo Refugee Camp,6796,7273,14069,93.4,48.5,290
Western,Kiryandongo,Kiryandongo Town Council,2956,3016,5972,98,14.8,404
Western,Kiryandongo,Masindi Port,4646,4229,8875,109.9,263.5,34
Western,Kiryandongo,Mutunda,31718,31468,63186,100.8,628.2,101
Western,Kiryandongo,Kiryandongo Total,132822,133375,266197,99.6,3582,74
Western,Kisoro,Central Division,2302,2614,4916,88.1,,
Western,Kisoro,Northern Division,2526,2816,5342,89.7,,
Western,Kisoro,Southern Division,2637,2964,5601,89,,
Western,Kisoro,Bukimbiri,7262,8115,15377,89.5,,
Western,Kisoro,Busanza,7644,10220,17864,74.8,,
Western,Kisoro,Chahi,8371,10438,18809,80.2,,
Western,Kisoro,Kanaba,7411,8701,16112,85.2,,
Western,Kisoro,Kirundo,9081,10968,20049,82.8,,
Western,Kisoro,Muramba,15450,20858,36308,74.1,,
Western,Kisoro,Murora,8484,10725,19209,79.1,,
Western,Kisoro,Nyabwishenya,7050,8136,15186,86.7,,
Western,Kisoro,Nyakabande,11421,13458,24879,84.9,,
Western,Kisoro,Nyakinama,8507,11169,19676,76.2,,
Western,Kisoro,Nyarubuye,8470,10439,18909,81.1,,
Western,Kisoro,Nyarusiza,13324,16984,30308,78.5,,
Western,Kisoro,Nyundo,6115,7045,13160,86.8,,
Western,Kisoro,Kisoro Total,126055,155650,281705,81,,
Western,Kyegegwa,Hapuuyo,22548,22663,45211,99.5,278.3,162
Western,Kyegegwa,Kabweza Kyegegwa,12582,12637,25219,99.6,129.9,194
Western,Kyegegwa,Kakabara,24345,24157,48502,100.8,309.4,157
Western,Kyegegwa,Kasule,11871,11965,23836,99.2,128.8,185
Western,Kyegegwa,Kyaka  Ii  Refugee Camp,8490,8948,17438,94.9,58.9,296
Western,Kyegegwa,Kyegegwa Town Council,9325,9438,18763,98.8,97.6,192
Western,Kyegegwa,Mpara,19030,19080,38110,99.7,175.9,217
Western,Kyegegwa,Ruyonza,14591,13589,28180,107.4,298,95
Western,Kyegegwa,Rwentuha,17835,18543,36378,96.2,270.8,134
Western,Kyegegwa,Kyegegwa Total,140617,141020,281637,99.7,1747.6,161
Western,Kyenjojo,Bufunjo,24779,25261,50040,98.1,311.6,161
Western,Kyenjojo,Bugaaki,16168,15381,31549,105.1,190.6,166
Western,Kyenjojo,Butiiti,9421,9434,18855,99.9,84.1,224
Western,Kyenjojo,Butunduzi,6128,6460,12588,94.9,57,221
Western,Kyenjojo,Butunduzi Town Council,6895,7216,14111,95.6,61.8,228
Western,Kyenjojo,Katooke,17408,17869,35277,97.4,206.9,171
Western,Kyenjojo,Katooke Town Council,7298,7296,14594,100,53.6,272
Western,Kyenjojo,Kigaraale,11886,12078,23964,98.4,143.2,167
Western,Kyenjojo,Kihuura,14615,14514,29129,100.7,143.1,204
Western,Kyenjojo,Kisojo,11114,10951,22065,101.5,230.6,96
Western,Kyenjojo,Kyarusozi,28596,29066,57662,98.4,303.7,190
Western,Kyenjojo,Kyarusozi  Town Council,6945,6202,13147,112,69.7,189
Western,Kyenjojo,Kyenjojo Town Council,11324,11636,22960,97.3,55.4,414
Western,Kyenjojo,Nyabuharwa,12470,12260,24730,101.7,118.2,209
Western,Kyenjojo,Nyankwanzi,13287,14033,27320,94.7,117.2,233
Western,Kyenjojo,Nyantungo,12265,11948,24213,102.7,205.5,118
Western,Kyenjojo,Kyenjojo Total,210599,211605,422204,99.5,2352.2,179
Western,Masindi,Central Division,19566,21260,40826,92,28.5,1433
Western,Masindi,Karujubu Division,14972,12852,27824,116.5,85.3,326
Western,Masindi,Kigulya Division,6398,6349,12747,100.8,54.8,233
Western,Masindi,Nyangahya Division,6668,6373,13041,104.6,68,192
Western,Masindi,Budongo,26327,25608,51935,102.8,1351.4,38
Western,Masindi,Bwijanga,26646,25438,52084,104.7,499,104
Western,Masindi,Kimengo,7671,6337,14008,121.1,818.1,17
Western,Masindi,Miirya,10679,9567,20246,111.6,327.1,62
Western,Masindi,Pakanyi,29194,29208,58402,100,695.2,84
Western,Masindi,Masindi Total,148121,142992,291113,103.6,3927.4,74.1
Western,Mbarara,Biharwe Division,10809,11098,21907,97.4,112.3,195
Western,Mbarara,Kakiika Division,10385,11292,21677,92,127.2,170
Western,Mbarara,Kakoba Division,27578,27962,55540,98.6,11.9,4667
Western,Mbarara,Kamukuzi Division,16974,17914,34888,94.8,16.1,2167
Western,Mbarara,Nyakayojo Division,18852,19333,38185,97.5,155.4,246
Western,Mbarara,Nyamitanga Division,11081,12044,23125,92,19.3,1198
Western,Mbarara,Bubaare,10941,11517,22458,95,196.2,114
Western,Mbarara,Bugamba,16985,17749,34734,95.7,158.2,220
Western,Mbarara,Bukiro,6981,7578,14559,92.1,63.3,230
Western,Mbarara,Kagongi,9897,10815,20712,91.5,77.8,266
Western,Mbarara,Kashare,10949,11962,22911,91.5,105.4,217
Western,Mbarara,Mwizi,16771,17831,34602,94.1,103.3,335
Western,Mbarara,Ndeija,15277,16214,31491,94.2,157.8,200
Western,Mbarara,Rubaya,9146,9099,18245,100.5,152.1,120
Western,Mbarara,Rubindi,11349,12509,23858,90.7,75,318
Western,Mbarara,Rugando,13189,13708,26897,96.2,122.6,219
Western,Mbarara,Rwanyamahembe,12918,13922,26840,92.8,131.7,204
Western,Mbarara,Mbarara Total,230082,242547,472629,94.9,1785.6,265
Western,Mitooma,Bitereko,13200,14676,27876,89.9,70.1,398
Western,Mitooma,Kabira,5031,6009,11040,83.7,29.8,370
Western,Mitooma,Kanyabwanga,8731,9631,18362,90.7,59,311
Western,Mitooma,Kashenshero,5660,6431,12091,88,35.7,339
Western,Mitooma,Kashenshero Town Council,2707,3049,5756,88.8,11.5,501
Western,Mitooma,Katenga,8124,9449,17573,86,53.4,329
Western,Mitooma,Kiyanga,9751,10365,20116,94.1,58.8,342
Western,Mitooma,Mayanga,5317,5913,11230,89.9,37.6,299
Western,Mitooma,Mitooma,8694,9802,18496,88.7,52.9,350
Western,Mitooma,Mitooma Town Council,2696,2944,5640,91.6,13.3,424
Western,Mitooma,Mutara,10875,12238,23113,88.9,90.7,255
Western,Mitooma,Rurehe,5698,6453,12151,88.3,31.1,391
Western,Mitooma,Mitooma Total,86484,96960,183444,89.2,543.9,337
Western,Ntoroko,Butungama,5155,4833,9988,106.7,232,43
Western,Ntoroko,Bweramule,3136,3126,6262,100.3,132.7,47
Western,Ntoroko,Kanara,4233,3729,7962,113.5,241.2,33
Western,Ntoroko,Kanara Town Council,4086,3902,7988,104.7,8.1,986
Western,Ntoroko,Karugutu,3172,3080,6252,103,49.4,127
Western,Ntoroko,Karugutu Town Council,5193,5290,10483,98.2,17,617
Western,Ntoroko,Kibuuku Town Council,1137,1037,2174,109.6,77.5,28
Western,Ntoroko,Nombe,4049,4167,8216,97.2,36,228
Western,Ntoroko,Rwebisengo,2363,2173,4536,108.7,438.6,10
Western,Ntoroko,Rwebisengo Town Council,1514,1630,3144,92.9,3.6,873
Western,Ntoroko,Ntoroko Total,34038,32967,67005,103.2,1236.1,54
Western,Ntungamo,Central Division,3908,3830,7738,102,14,553
Western,Ntungamo,Eastern Division,2937,2811,5748,104.5,30.8,187
Western,Ntungamo,Western Division,2715,2518,5233,107.8,5.9,887
Western,Ntungamo,Bwongyera,16092,18793,34885,85.6,92.7,376
Western,Ntungamo,Ihunga,12218,13945,26163,87.6,71.1,368
Western,Ntungamo,Itojo,10838,11437,22275,94.8,138.5,161
Western,Ntungamo,Kayonza,13417,14199,27616,94.5,100.7,274
Western,Ntungamo,Kibatsi,8978,10491,19469,85.6,50.3,387
Western,Ntungamo,Kitwe Town Council,8623,9416,18039,91.6,67,269
Western,Ntungamo,Ngoma,13775,13707,27482,100.5,232.2,118
Western,Ntungamo,Ntungamo,15006,16163,31169,92.8,134.2,232
Western,Ntungamo,Nyabihoko,10692,11313,22005,94.5,83.2,264
Western,Ntungamo,Nyakyera,18245,20174,38419,90.4,188.9,203
Western,Ntungamo,Rubaare,12401,13013,25414,95.3,140.8,180
Western,Ntungamo,Rubaare Town Council,6499,6833,13332,95.1,40.1,332
Western,Ntungamo,Rugarama,15107,16043,31150,94.2,161.4,193
Western,Ntungamo,Ruhaama,20450,22435,42885,91.2,121.2,354
Western,Ntungamo,Rukoni East,11383,12219,23602,93.2,148.5,159
Western,Ntungamo,Rukoni West,8010,8848,16858,90.5,57.9,291
Western,Ntungamo,Rwashamaire Town Council,3614,4094,7708,88.3,15.5,497
Western,Ntungamo,Rweikiniro,17561,19090,36651,92,155.1,236
Western,Ntungamo,Ntungamo Total,232469,251372,483841,92.5,2050,236
Western,Rubirizi,Katanda,8994,9834,18828,91.5,53.1,355
Western,Rubirizi,Katerera,4965,5524,10489,89.9,26.7,393
Western,Rubirizi,Katerera Town Council,4330,4740,9070,91.4,9.5,955
Western,Rubirizi,Katunguru,2158,1647,3805,131,210.7,18
Western,Rubirizi,Kichwamba,8027,8614,16641,93.2,419.1,40
Western,Rubirizi,Kirugu,5416,5886,11302,92,42,269
Western,Rubirizi,Kyabakara,6146,6615,12761,92.9,101,126
Western,Rubirizi,Magambo,5561,5996,11557,92.7,29.5,392
Western,Rubirizi,Rubirizirz Town Council,3845,4359,8204,88.2,5.2,1578
Western,Rubirizi,Rutoto,6185,7066,13251,87.5,161.5,82
Western,Rubirizi,Ryeru,6138,7103,13241,86.4,38,348
Western,Rubirizi,Rubirizi Total,61765,67384,129149,91.7,1096.3,118
Western,Rukungiri,Bugangari,14388,15554,29942,92.5,112.8,265
Western,Rukungiri,Buhunga,10326,11762,22088,87.8,66.5,332
Western,Rukungiri,Buyanja,17515,18620,36135,94.1,114.8,315
Western,Rukungiri,Bwambara,14200,14675,28875,96.8,523.9,55
Western,Rukungiri,Kebisoni,12390,13558,25948,91.4,77.1,337
Western,Rukungiri,Nyakagyeme,15381,16467,31848,93.4,105.7,301
Western,Rukungiri,Nyakishenyi,15911,18222,34133,87.3,132.4,258
Western,Rukungiri,Nyarushanje,20874,24009,44883,86.9,167.8,267
Western,Rukungiri,Ruhinda,12099,13704,25803,88.3,79.7,324
Western,Rukungiri,"Eastern Division,Rukungiri Municipality",5993,6292,12285,95.2,27.3,450
Western,Rukungiri,"Southern Division,Rukungiri Municipality",4318,4896,9214,88.2,16.1,572
Western,Rukungiri,"Western Division,Rukungiri Municipality",6621,6919,13540,95.7,12.4,1092
Western,Rukungiri,Rukungiri Total,150016,164678,314694,91.1,1436.5,219
Western,Sheema,Bugongi Town Council,5552,5995,11547,92.6,36.3,318
Western,Sheema,Kabwohe Itendero T. C.,9531,10171,19702,93.7,36,547
Western,Sheema,Kagango,9498,10267,19765,92.5,74.9,264
Western,Sheema,Kasaana,8247,8833,17080,93.4,75,228
Western,Sheema,Kashozi,6612,7254,13866,91.1,58.7,236
Western,Sheema,Kigarama,9978,11148,21126,89.5,67.8,312
Western,Sheema,Kitagata,8641,9608,18249,89.9,55.9,326
Western,Sheema,Kyangyenyi,14738,15925,30663,92.5,93.7,327
Western,Sheema,Masheruka,7904,8557,16461,92.4,52.4,314
Western,Sheema,Rugarama,4796,5226,10022,91.8,56.2,178
Western,Sheema,Sheema Town Council,7663,8548,16211,89.6,44.8,362
Western,Sheema,Shuuku,6065,6586,12651,92.1,46.9,270
Western,Sheema,Sheema Total,99225,108118,207343,91.8,698.6,297
Northern,Abim,Abim,6156,6478,12634,101,183.9,69
Northern,Abim,Abim Town Council,8429,8739,17168,99.8,110.7,155
Northern,Abim,Alerek,8390,9008,17398,103.3,1249.2,14
Northern,Abim,Lotukei,11176,11798,22974,101.5,190.4,121
Northern,Abim,Morulem,11062,11817,22879,98.6,274,84
Northern,Abim,Nyakwae,7243,7670,14913,102.6,343.5,43
Northern,Abim,Abim Total,52456,55510,107966,94.5,2351.7,46
Northern,Adjumani,Adjumani Town Council,17055,18378,35433,92.8,15.6,2271
Northern,Adjumani,Adropi,5839,5875,11714,99.4,78.1,150
Northern,Adjumani,Arinyapi,5754,5914,11668,97.3,184.9,63
Northern,Adjumani,Ciforo,7147,7324,14471,97.6,167.6,86
Northern,Adjumani,Dzaipi,20167,22721,42888,88.8,237.1,181
Northern,Adjumani,Itirikwa,8187,8908,17095,91.9,708,24
Northern,Adjumani,Ofua,6719,7308,14027,91.9,79.5,176
Northern,Adjumani,Pacara,8365,8805,17170,95,194.4,88
Northern,Adjumani,Pakele,23502,25966,49468,90.5,604,82
Northern,Adjumani,Ukusijoni,5563,5754,11317,96.7,685.4,17
Northern,Adjumani,Adjumani Total,108298,116953,225251,92.6,2954.6,76
Northern,Agago,Adilang,9896,10378,20274,95.4,390.4,51.9
Northern,Agago,Agago Town Council,2869,3162,6031,90.7,49.2,122.6
Northern,Agago,Arum,5779,5992,11771,96.4,198.8,59.2
Northern,Agago,Kalongo Town Council,5379,6215,11594,86.5,26.5,437.5
Northern,Agago,Kotomol,6076,6468,12544,93.9,160.7,78.1
Northern,Agago,Lamiyo,4082,4402,8484,92.7,138.9,61.1
Northern,Agago,Lapono,10719,11341,22060,94.5,465,47.4
Northern,Agago,Lira Palwo,7844,8466,16310,92.7,239.8,68
Northern,Agago,Lokole,7520,8021,15541,93.8,293.8,52.9
Northern,Agago,Omiya Pacwa,5600,5963,11563,93.9,320.7,36.1
Northern,Agago,Omot,6511,6888,13399,94.5,139.8,95.8
Northern,Agago,Paimol,10390,10629,21019,97.8,316.3,66.5
Northern,Agago,Parabongo,5534,5860,11394,94.4,192.7,59.1
Northern,Agago,Patongo,5352,5640,10992,94.9,108.4,101.4
Northern,Agago,Patongo Town Council,5603,5925,11528,94.6,30.8,374.3
Northern,Agago,Wol,11341,11947,23288,94.9,428.4,54.4
Northern,Agago,Agago Total,110495,117297,227792,94.2,3500.2,65.1
Northern,Alebtong,Abako,11834,12495,24329,94.7,113.5,214
Northern,Alebtong,Abia,11338,12098,23436,93.7,170.9,137
Northern,Alebtong,Akura,11368,11850,23218,95.9,145.5,160
Northern,Alebtong,Alebtong Town Council,3283,3419,6702,96,30.9,217
Northern,Alebtong,Aloi,14999,15710,30709,95.5,181.9,169
Northern,Alebtong,Amugu,13478,14230,27708,94.7,139.6,199
Northern,Alebtong,Apala,9513,10108,19621,94.1,107.7,182
Northern,Alebtong,Awei,13911,14678,28589,94.8,161.2,177
Northern,Alebtong,Omoro,21265,21964,43229,96.8,483.1,89
Northern,Alebtong,Alebtong Total,110989,116552,227541,95.2,1534,148
Northern,Amolatar,Agikdak,5300,5568,10868,95.2,58.2,187
Northern,Amolatar,Agwingiri,7750,8109,15859,95.6,124.7,127
Northern,Amolatar,Akwon,3772,3966,7738,95.1,41.4,187
Northern,Amolatar,Amolatar Town Council,5600,5602,11202,100,46.7,240
Northern,Amolatar,Aputi,7345,7679,15024,95.7,106.1,142
Northern,Amolatar,Arwotcek,8229,8440,16669,97.5,101,165
Northern,Amolatar,Awelo,5674,5880,11554,96.5,63,183
Northern,Amolatar,Etam,7287,7403,14690,98.4,96.9,152
Northern,Amolatar,Muntu,6575,6689,13264,98.3,105.6,126
Northern,Amolatar,Namasale,10146,9875,20021,102.7,368.3,54
Northern,Amolatar,Namasale Town Council,5336,4941,10277,108,50.9,202
Northern,Amolatar,Amolatar Total,73014,74152,147166,98.5,1162.8,127
Northern,Amudat,Amudat,14923,13281,28204,112.4,553.2,51
Northern,Amudat,Amudat Town Council,5831,5955,11786,97.9,6.1,1932.1
Northern,Amudat,Karita,17746,15218,32964,116.6,687.8,47.9
Northern,Amudat,Loroo,15746,17069,32815,92.2,368.7,89
Northern,Amudat,Amudat Total,54246,51523,105769,105.3,1615.8,65.5
Northern,Amuru,Amuru,20981,21320,42301,98.4,1237,34
Northern,Amuru,Amuru Town Council,4607,4695,9302,98.1,68.8,135
Northern,Amuru,Attiak,17078,17267,34345,98.9,1182.6,29
Northern,Amuru,Lamogi,22369,23964,46333,93.3,372.7,124
Northern,Amuru,Pabo,26249,28166,54415,93.2,757.5,72
Northern,Amuru,Amuru Total,91284,95412,186696,95.7,3618.6,52
Northern,Apac,Abongomola,16735,17454,34189,95.9,214.7,159
Northern,Apac,Aduku,14371,15194,29565,94.6,154.5,191
Northern,Apac,Aduku Town Council,3672,4043,7715,90.8,26.7,289
Northern,Apac,Akokoro,21353,20758,42111,102.9,688.3,61
Northern,Apac,Apac,25628,26985,52613,95,359.5,146
Northern,Apac,Apac Town Council,7242,7730,14972,93.7,33.6,446
Northern,Apac,Chawente,16757,17180,33937,97.5,242.7,140
Northern,Apac,Chegere,17330,18149,35479,95.5,358.2,99
Northern,Apac,Ibuje,19799,20348,40147,97.3,399.2,101
Northern,Apac,Inomo,14515,15097,29612,96.1,165.6,179
Northern,Apac,Nambieso,23593,24693,48286,95.5,303.6,159
Northern,Apac,Apac Total,180995,187631,368626,96.5,2946.6,125
Northern,Arua,River Oli Division,20326,23063,43389,88.1,3.4,12761
Northern,Arua,Arua Hill Division,9390,9183,18573,102.3,6.8,2731
Northern,Arua,Adumi,14614,16159,30773,90.4,64.3,479
Northern,Arua,Aii-Vu,19685,20619,40304,95.5,97.9,412
Northern,Arua,Ajia,13232,14064,27296,94.1,324.3,84
Northern,Arua,Anyiribu,3836,4066,7902,94.3,122.6,64
Northern,Arua,Arivu,11617,12573,24190,92.4,150.8,160
Northern,Arua,Aroi,11601,12760,24361,90.9,38.1,639
Northern,Arua,Ayivuni,10871,11809,22680,92.1,46.9,484
Northern,Arua,Bileafe,10326,11064,21390,93.3,152.9,140
Northern,Arua,Dadamu,19262,21816,41078,88.3,35.2,1167
Northern,Arua,Ewanga,4222,4088,8310,103.3,-,-
Northern,Arua,Katrini,15083,16816,31899,89.7,73.3,435
Northern,Arua,Logiri,18035,19415,37450,92.9,205.4,182
Northern,Arua,Manibe,13774,15505,29279,88.8,55.3,529
Northern,Arua,Odupi,18765,19946,38711,94.1,377.2,103
Northern,Arua,Offaka,9228,9938,19166,92.9,191.9,100
Northern,Arua,Ogoko,9300,9349,18649,99.5,421.6,44
Northern,Arua,Okollo,8620,9212,17832,93.6,447,40
Northern,Arua,Oluko,18276,20430,38706,89.5,92,421
Northern,Arua,Omugo,20770,22808,43578,91.1,139.5,312
Northern,Arua,Pajulu,28066,32147,60213,87.3,61.5,979
Northern,Arua,Pawor,4663,5119,9782,91.1,130.5,75
Northern,Arua,Rhino Camp,11708,12096,23804,96.8,247.9,96
Northern,Arua,Rigbo,12677,13268,25945,95.5,286.6,91
Northern,Arua,Uleppi,4122,4676,8798,88.2,129.9,68
Northern,Arua,Uriama,11542,11879,23421,97.2,323.5,72
Northern,Arua,Vurra,21144,23454,44598,90.2,119.5,373
Northern,Arua,Arua Total,374755,407322,782077,92,4345.8,180
Northern,Dokolo,Adeknino,7858,8238,16096,95.4,86.5,186
Northern,Dokolo,Adok,8743,9168,17911,95.4,107.8,166
Northern,Dokolo,Agwata,10430,10857,21287,96.1,165.3,129
Northern,Dokolo,Amwoma,7014,7573,14587,92.6,74.6,196
Northern,Dokolo,Batta,9187,9303,18490,98.8,107.8,172
Northern,Dokolo,Dokolo,7796,8051,15847,96.8,73.7,215
Northern,Dokolo,Dokolo Town Council,9809,10326,20135,95,89.1,226
Northern,Dokolo,Kangai,8426,8837,17263,95.3,83.2,207
Northern,Dokolo,Kwera,6583,6803,13386,96.8,63.2,212
Northern,Dokolo,Okwalongwen,7027,7429,14456,94.6,78.4,184
Northern,Dokolo,Okwongodul,6603,7032,13635,93.9,73.9,185
Northern,Dokolo,Dokolo Total,89476,93617,183093,95.6,1003.5,182
Northern,Gulu,Bar Dege Division,19871,20451,40322,97.2,21.4,1884
Northern,Gulu,Laroo Division,13317,13996,27313,95.1,9.9,2759
Northern,Gulu,Layibi Division,18482,18723,37205,98.7,11.8,3153
Northern,Gulu,Pece Division,21535,23931,45466,90,12,3789
Northern,Gulu,Awach,9157,9750,18907,93.9,249.3,76
Northern,Gulu,Bobi,14060,14852,28912,94.7,230.9,125
Northern,Gulu,Bungatira,16042,16829,32871,95.3,186.5,176
Northern,Gulu,Koro,13978,14633,28611,95.5,214.3,134
Northern,Gulu,Lakwana,9289,9585,18874,96.9,156.1,121
Northern,Gulu,Lalogi,14651,15093,29744,97.1,337,88
Northern,Gulu,Odek,15541,15881,31422,97.9,419.6,75
Northern,Gulu,Ongako,11318,11851,23169,95.5,200.3,116
Northern,Gulu,Paicho,11924,12564,24488,94.9,454.7,54
Northern,Gulu,Palaro,6792,6763,13555,100.4,514.4,26
Northern,Gulu,Patiko,9035,9317,18352,97,268.6,68
Northern,Gulu,Unyama,8416,8718,17134,96.5,140.1,122
Northern,Gulu,Gulu Total,213408,222937,436345,95.7,3426.9,127
Northern,Kaabong,Kaabong East,4247,5246,9493,81,56.5,168
Northern,Kaabong,Kaabong Town Council,5562,5997,11559,92.7,13.5,856
Northern,Kaabong,Kaabong West,6042,7168,13210,84.3,68.1,194
Northern,Kaabong,Kalapata,11253,13463,24716,83.6,193,128
Northern,Kaabong,Kamion,3018,3119,6137,96.8,1138.8,5
Northern,Kaabong,Kapedo,7055,7544,14599,93.5,347.8,42
Northern,Kaabong,Kathile,9565,11008,20573,86.9,257.1,80
Northern,Kaabong,Kawalakol,6918,7235,14153,95.6,1102.7,13
Northern,Kaabong,Lobalangit,3752,3912,7664,95.9,299.4,26
Northern,Kaabong,Lodiko,2826,3536,6362,79.9,420.5,15
Northern,Kaabong,Lolelia,3838,4126,7964,93,652,12
Northern,Kaabong,Loyoro,1810,1854,3664,97.6,1274.6,3
Northern,Kaabong,Napore Karenga,7257,7560,14817,96,943.2,16
Northern,Kaabong,Sidok,6064,6904,12968,87.8,542.8,24
Northern,Kaabong,Kaabong Total,79207,88672,167879,89.3,7310,23
Northern,Kitgum,Central Division,13206,13775,26981,95.9,,
Northern,Kitgum,Pager Division,16969,18159,35128,93.4,,
Northern,Kitgum,Labongo Akwang,16798,17976,34774,93.4,,
Northern,Kitgum,Labongo Amida,4128,4289,8417,96.2,,
Northern,Kitgum,Labongo Layamo,1434,1452,2886,98.8,,
Northern,Kitgum,Lagoro,5741,5919,11660,97,,
Northern,Kitgum,Mucwini,10461,10715,21176,97.6,,
Northern,Kitgum,Namokora,6912,7255,14167,95.3,,
Northern,Kitgum,Omiya Anyima,10268,10815,21083,94.9,,
Northern,Kitgum,Orom,13341,14435,27776,92.4,,
Northern,Kitgum,Kitgum Total,99258,104790,204048,94.7,,
Northern,Koboko,"Northern Divison,",9212,9943,19155,92.6,,
Northern,Koboko,Southern Division,1366,1338,2704,102.1,,
Northern,Koboko,Western Division,14235,15504,29739,91.8,,
Northern,Koboko,Abuku,7206,7349,14555,98.1,,
Northern,Koboko,Dranya,6338,6534,12872,97,,
Northern,Koboko,Kuluba,20671,19810,40481,104.3,,
Northern,Koboko,Lobule,16569,17110,33679,96.8,,
Northern,Koboko,Ludara,16024,15632,31656,102.5,,
Northern,Koboko,Midia,10629,11025,21654,96.4,,
Northern,Koboko,Koboko Total,102250,104245,206495,98.1,,
Northern,Kole,Aboke,22698,23913,46611,94.9,205,227
Northern,Kole,Akalo,14066,14821,28887,94.9,155.3,186
Northern,Kole,Alito,19340,19942,39282,97,161,244
Northern,Kole,Ayer,17477,18036,35513,96.9,161.5,220
Northern,Kole,Bala,22332,23408,45740,95.4,198.8,230
Northern,Kole,Kole Town Council,4349,4511,8860,96.4,42,211
Northern,Kole,Okwerodot,16902,17532,34434,96.4,149.3,231
Northern,Kole,Kole Total,117164,122163,239327,95.9,1072.9,223
Northern,Kotido,Kacheri,13946,16070,30016,86.8,1075.4,28
Northern,Kotido,Kotido,15877,17809,33686,89.2,595.8,57
Northern,Kotido,Kotido Town Council,6659,7179,13838,92.8,22.6,612
Northern,Kotido,Nakapelimoru,13131,13381,26512,98.1,417.5,64
Northern,Kotido,Panyangara,18834,21124,39958,89.2,871.5,46
Northern,Kotido,Rengen,17722,19318,37040,91.7,627.6,59
Northern,Kotido,Kotido Total,86169,94881,181050,90.8,3610.4,50
Northern,Lamwo,Agoro,8845,9630,18475,91.8,625.9,30
Northern,Lamwo,Lamwo Town Council,3910,4020,7930,97.3,90.7,87
Northern,Lamwo,Palabek Gem,7349,7729,15078,95.1,584.4,26
Northern,Lamwo,Madi  Opei,5740,6102,11842,94.1,836.2,14
Northern,Lamwo,Padibe West,5844,6575,12419,88.9,117,106
Northern,Lamwo,Lokung,8187,8367,16554,97.8,63.2,262
Northern,Lamwo,Padibe East,4468,4776,9244,93.6,216.9,43
Northern,Lamwo,Palabek Kal,7054,7393,14447,95.4,797.6,18
Northern,Lamwo,Palabek Ogili,4700,4791,9491,98.1,618.4,15
Northern,Lamwo,Paloga,4363,4776,9139,91.4,422.6,22
Northern,Lamwo,Padibe Town Council,4646,5106,9752,91,1215.4,8
Northern,Lamwo,Lamwo Total,65106,69265,134371,94,5588.3,24
Northern,Lira,Adekokwok,19237,20720,39957,92.8,70.2,569
Northern,Lira,Agali,12195,12661,24856,96.3,8.9,2793
Northern,Lira,Agweng,13815,14779,28594,93.5,147.9,193
Northern,Lira,Amach,16970,17852,34822,95.1,136.1,256
Northern,Lira,Aromo,15812,16598,32410,95.3,182.8,177
Northern,Lira,Barr,21412,22530,43942,95,161.4,272
Northern,Lira,Lira,17129,18383,35512,93.2,270.4,131
Northern,Lira,Ngetta,15717,16904,32621,93,12.4,2631
Northern,Lira,Ogur,17551,18386,35937,95.5,75.3,477
Northern,Lira,Adyel Division,15053,16832,31885,89.4,103.6,308
Northern,Lira,Central Division,11290,12277,23567,92,147,160
Northern,Lira,Ojwina Division,17685,20482,38167,86.3,8.4,4544
Northern,Lira,Railway Division,2797,2976,5773,94,5.8,995
Northern,Lira,Lira Total,196663,211380,408043,93,1330.2,307
Northern,Maracha,Kijomoro,14065,15997,30062,87.9,70.9,424
Northern,Maracha,Maracha Town Council,4374,4917,9291,89,14.3,650
Northern,Maracha,Nyadri,9097,10091,19188,90.1,33.6,571
Northern,Maracha,Oleba,15453,16662,32115,92.7,83.7,384
Northern,Maracha,Oluffe,11155,12415,23570,89.9,57.2,412
Northern,Maracha,Oluvu,13811,15875,29686,87,69.5,427
Northern,Maracha,Tara,7969,8982,16951,88.7,42.6,398
Northern,Maracha,Yivu,11976,13295,25271,90.1,68.6,368
Northern,Maracha,Maracha Total,87900,98234,186134,89.5,440.4,423
Northern,Moyo,Aliba,8379,8163,16542,102.6,79.1,209
Northern,Moyo,Difule,5218,5491,10709,95,220.3,49
Northern,Moyo,Gimara,6598,6659,13257,99.1,257.5,51
Northern,Moyo,Itula,6788,6474,13262,104.9,500.8,26
Northern,Moyo,Laropi,4827,4794,9621,100.7,77.6,124
Northern,Moyo,Lefori,6035,6388,12423,94.5,118.4,105
Northern,Moyo,Metu,14108,13941,28049,101.2,360,78
Northern,Moyo,Moyo,11953,12617,24570,94.7,287.7,85
Northern,Moyo,Moyo Town Council,5034,5545,10579,90.8,7.5,1411
Northern,Moyo,Moyo Total,68940,70072,139012,98.4,1908.9,73
Northern,Nakapiripirit,Kakomongole,9505,10105,19610,94.1,310.5,63
Northern,Nakapiripirit,Lolachat,15219,16853,32072,90.3,621.9,52
Northern,Nakapiripirit,Loregae,10319,11879,22198,86.9,1037.3,21
Northern,Nakapiripirit,Lorengedwat,4046,4110,8156,98.4,432.5,19
Northern,Nakapiripirit,Moruita,7578,7436,15014,101.9,849.4,18
Northern,Nakapiripirit,Nabilatuk,12748,15433,28181,82.6,506.5,56
Northern,Nakapiripirit,Nakapiripirit Town Council,1727,2000,3727,86.4,4.5,828
Northern,Nakapiripirit,Namalu,13436,14296,27732,94,439,63
Northern,Nakapiripirit,Nakapiripirit Total,74578,82112,156690,90.8,4201.6,37
Northern,Napak,Iriiri,19259,23038,42297,83.6,635.9,67
Northern,Napak,Lokopo,9868,11234,21102,87.8,2336.6,9
Northern,Napak,Lopeei,6316,6902,13218,91.5,699,19
Northern,Napak,Lorengecora,4858,5330,10188,91.1,201.1,51
Northern,Napak,Lotome,4977,6111,11088,81.4,436,25
Northern,Napak,Matany,10108,12159,22267,83.1,455.1,49
Northern,Napak,Napak Town Council,2266,2467,4733,91.9,60.3,78
Northern,Napak,Ngoleriet,7866,9465,17331,83.1,152.8,113
Northern,Napak,Napak Total,65518,76706,142224,85.4,4976.8,29
Northern,Nebbi,Alwi,8946,9315,18261,96,240.9,76
Northern,Nebbi,Pakwach,10142,10763,20905,94.2,141.8,147
Northern,Nebbi,Pakwach Town Council,10876,12164,23040,89.4,23.2,993
Northern,Nebbi,Panyango,13502,14817,28319,91.1,159.8,177
Northern,Nebbi,Panyimur,21111,22255,43366,94.9,225,193
Northern,Nebbi,Wadelai,11795,12351,24146,95.5,248.6,97
Northern,Nebbi,Akworo,12268,13107,25375,93.6,100.3,253
Northern,Nebbi,Atego,4743,5215,9958,90.9,47.5,210
Northern,Nebbi,Erussi,16932,18090,35022,93.6,88.4,396
Northern,Nebbi,Kucwiny,15476,16543,32019,93.6,278.1,115
Northern,Nebbi,Ndhew,9925,11081,21006,89.6,69,304
Northern,Nebbi,Nebbi,11982,12629,24611,94.9,124.5,198
Northern,Nebbi,Nebbi Town Council,16714,18315,35029,91.3,54.2,646
Northern,Nebbi,Nyaravur,9783,10780,20563,90.8,109.9,187
Northern,Nebbi,Parombo,16909,18265,35174,92.6,113.1,311
Northern,Nebbi,Nebbi Total,191104,205690,396794,92.9,2024.3,196
Northern,Nwoya,Alero,20707,21102,41809,98.1,1333.1,31.4
Northern,Nwoya,Anaka Payira,5384,5769,11153,93.3,160.9,69.3
Northern,Nwoya,Anaka Town Council,6536,7056,13592,92.6,1294.9,10.5
Northern,Nwoya,Koch-Goma,17400,18074,35474,96.3,76.3,464.9
Northern,Nwoya,Purongo,15942,15536,31478,102.6,1813.5,17.4
Northern,Nwoya,Nwoya Total,65969,67537,133506,97.7,4678.7,28.5
Northern,Otuke,Adwari,4990,5203,10193,95.9,167.8,60.7
Northern,Otuke,Alango,5959,6451,12410,92.4,135.7,91.5
Northern,Otuke,Ogor,7155,7233,14388,98.9,271.5,53
Northern,Otuke,Ogwette,7594,7703,15297,98.6,260.7,58.7
Northern,Otuke,Okwang,10797,11327,22124,95.3,249,88.9
Northern,Otuke,Olilim,6678,6927,13605,96.4,259.6,52.4
Northern,Otuke,Orum,4932,5092,10024,96.9,139.7,71.8
Northern,Otuke,Otuke Town Council,3082,3131,6213,98.4,64.7,96
Northern,Otuke,Otuke Total,51187,53067,104254,96.5,1548.7,67.3
Northern,Oyam,Aber,16245,17121,33366,94.9,285,117.1
Northern,Oyam,Abok,8611,8932,17543,96.4,136.1,128.9
Northern,Oyam,Acaba,13627,14465,28092,94.2,173.8,161.6
Northern,Oyam,Aleka,14383,15175,29558,94.8,124.9,236.7
Northern,Oyam,Iceme,22919,23836,46755,96.2,252.6,185.1
Northern,Oyam,Kamdini,19648,21148,40796,92.9,136.5,298.9
Northern,Oyam,Loro,27128,28032,55160,96.8,319.1,172.9
Northern,Oyam,Minakulu,18150,19838,37988,91.5,130.3,291.5
Northern,Oyam,Myene,13495,14123,27618,95.6,258.1,107
Northern,Oyam,Ngai,14465,14456,28921,100.1,184.3,156.9
Northern,Oyam,Otwal,12648,13472,26120,93.9,136,192.1
Northern,Oyam,Oyam Town Council,5802,5925,11727,97.9,59.3,197.8
Northern,Oyam,Oyam Total,187121,196523,383644,95.2,2196,174.7
Northern,Pader,Acholibur,6794,7244,14038,93.8,125.4,112
Northern,Pader,Angagura,4447,4526,8973,98.3,401.6,22
Northern,Pader,Atanga,7470,7995,15465,93.4,285.3,54
Northern,Pader,Awere,9368,10185,19553,92,321.1,61
Northern,Pader,Laguti,6614,6890,13504,96,448.1,30
Northern,Pader,Lapul,8823,9435,18258,93.5,345.2,53
Northern,Pader,Latanya,7307,7849,15156,93.1,272.2,56
Northern,Pader,Ogom,4236,4315,8551,98.2,235.7,36
Northern,Pader,Pader,4900,4594,9494,106.7,203,47
Northern,Pader,Pader Town Council,6433,6949,13382,92.6,64.7,207
Northern,Pader,Pajule,11084,11629,22713,95.3,318.9,71
Northern,Pader,Puranga,9159,9758,18917,93.9,305.2,62
Northern,Pader,Pader Total,86635,91369,178004,94.8,3326.4,54
Northern,Yumbe,Apo,19260,20953,40213,91.9,88.1,456
Northern,Yumbe,Ariwa,12363,11682,24045,105.8,215.5,112
Northern,Yumbe,Drajini,15182,16109,31291,94.2,100.6,311
Northern,Yumbe,Kei,21095,24631,45726,85.6,364.7,125
Northern,Yumbe,Kerwa,15392,16912,32304,91,269.7,120
Northern,Yumbe,Kochi,19616,21757,41373,90.2,290.5,142
Northern,Yumbe,Kululu,17935,19108,37043,93.9,151.5,245
Northern,Yumbe,Kuru,18110,22769,40879,79.5,55.7,734
Northern,Yumbe,Lodonga,15841,16759,32600,94.5,83.2,392
Northern,Yumbe,Midigo,16896,19779,36675,85.4,349.9,105
Northern,Yumbe,Odravu,20579,21676,42255,94.9,154.2,274
Northern,Yumbe,Romogi,22327,23285,45612,95.9,178.3,256
Northern,Yumbe,Yumbe Town Council,16030,18776,34806,85.4,21.3,1634
Northern,Yumbe,Yumbe Total,230626,254196,484822,90.7,2323.2,209
Northern,Zombo,Abanga,8451,9162,17613,92.2,41,428
Northern,Zombo,Atyak,10765,11351,22116,94.8,152,145
Northern,Zombo,Jangokoro,14765,16424,31189,89.9,125,250
Northern,Zombo,Kango,16914,17908,34822,94.4,148,235
Northern,Zombo,Nyapea,10278,10911,21189,94.2,80,264
Northern,Zombo,Paidha,7392,7856,15248,94.1,125,122
Northern,Zombo,Paidha Town Council,15265,16367,31632,93.3,17,1906
Northern,Zombo,Warr,8964,9863,18827,90.9,52,365
Northern,Zombo,Zeu,17276,18078,35354,95.6,158,223
Northern,Zombo,Zombo Town Council,5754,6337,12091,90.8,42,291
Northern,Zombo,Zombo Total,115824,124257,240081,93.2,939,256
Central,Buikwe,Central Division,19437,20796,40233,93.5,,
Central,Buikwe,Kawolo Division,20507,20463,40970,100.2,,
Central,Buikwe,Najjembe Division,16748,16573,33321,101.1,,
Central,Buikwe,Buikwe,8885,9191,18076,96.7,,
Central,Buikwe,Buikwe Town Council,7858,8686,16544,90.5,,
Central,Buikwe,Najja,21475,22510,43985,95.4,,
Central,Buikwe,Ngogwe,17830,17694,35524,100.8,,
Central,Buikwe,Njeru Town Council,32557,36237,68794,89.8,,
Central,Buikwe,Nkokonjeru Town Council,4201,4810,9011,87.3,,
Central,Buikwe,Nyenga,24358,25267,49625,96.4,,
Central,Buikwe,Ssi-Bukunja,13147,12411,25558,105.9,,
Central,Buikwe,Wakisi,20321,20809,41130,97.7,,
Central,Buikwe,Buikwe Total,207324,215447,422771,96.2,,
Central,Bukomansimbi,Bigasa,20969,21039,42008,99.7,188.4,223
Central,Bukomansimbi,Bukomansimbi Town Council,4702,4996,9698,94.1,24.3,399
Central,Bukomansimbi,Butenga,19015,19440,38455,97.8,146.5,262
Central,Bukomansimbi,Kibinge,16072,16725,32797,96.1,102.4,320
Central,Bukomansimbi,Kitanda,14351,14104,28455,101.8,138.1,206
Central,Bukomansimbi,Bukomansimbi Total,75109,76304,151413,98.4,599.7,252
Central,Butambala,Budde,6941,6793,13734,102.2,58.2,236
Central,Butambala,Bulo,9261,9661,18922,95.9,66.7,284
Central,Butambala,Gombe Town Council,7583,7970,15553,95.1,49.9,312
Central,Butambala,Kalamba,9950,9565,19515,104,82.8,236
Central,Butambala,Kibibi,6894,7561,14455,91.2,38.7,374
Central,Butambala,Ngando,9453,9208,18661,102.7,109.1,171
Central,Butambala,Butambala Total,50082,50758,100840,98.7,405.4,249
Central,Buvuma,Bugaya,2646,2198,4844,120.4,,
Central,Buvuma,Busamuzi,8397,7890,16287,106.4,,
Central,Buvuma,Buvuma Town Council,5242,4693,9935,111.7,,
Central,Buvuma,Buwooya,6580,6253,12833,105.2,,
Central,Buvuma,Bweema,4823,3951,8774,122.1,,
Central,Buvuma,Lubya,3470,2988,6458,116.1,,
Central,Buvuma,Lwajje,2553,1839,4392,138.8,,
Central,Buvuma,Lyabaana,4532,2502,7034,181.1,,
Central,Buvuma,Nairambi,10171,9162,19333,111,,
Central,Buvuma,Buvuma Total,48414,41476,89890,116.7,,
Central,Gomba,Kabulasoke,25604,24350,49954,105.2,446.8,112
Central,Gomba,Kanoni Town Council,6276,6163,12439,101.8,59.3,210
Central,Gomba,Kyegonza,15471,14769,30240,104.8,170.1,178
Central,Gomba,Maddu,18342,17015,35357,107.8,807.3,44
Central,Gomba,Mpenja,16474,15458,31932,106.6,186.6,171
Central,Gomba,Gomba Total,82167,77755,159922,105.7,1670.1,112
Central,Kalangala,Bubeke,3023,2110,5133,143.3,13.2,389
Central,Kalangala,Bufumira,6019,4273,10292,140.9,71.2,145
Central,Kalangala,Bujumba,6743,4813,11556,140.1,153.5,75
Central,Kalangala,Kalangala Town Council,2623,2357,4980,111.3,14.8,336
Central,Kalangala,Kyamuswa,2733,1998,4731,136.8,49.6,95
Central,Kalangala,Mazinga,3431,1946,5377,176.3,24.1,223
Central,Kalangala,Mugoye,6777,5447,12224,124.4,125.3,98
Central,Kalangala,Kalangala Total,31349,22944,54293,136.6,452151.7,120
Central,Kalungu,Bukulula,21483,22404,43887,95.9,232,189
Central,Kalungu,Kalungu,19148,20586,39734,93,143,278
Central,Kalungu,Kalungu Town Council,4035,4081,8116,98.9,25.8,315
Central,Kalungu,Kyamulibwa,16275,16805,33080,96.8,114.8,288
Central,Kalungu,Lukaya Town Council,11590,12573,24163,92.2,52.1,464
Central,Kalungu,Lwabenge,17148,17104,34252,100.3,246.2,139
Central,Kalungu,Kalungu Total,89679,93553,183232,95.9,813.9,225
Central,Kampala,Central Division,37435,37733,75168,99.2,15.2,4945
Central,Kampala,Kawempe Division,158768,179897,338665,88.3,31,10925
Central,Kampala,Lubaga Division,176762,206454,383215,85.6,36.9,10385
Central,Kampala,Makindye Division,186368,206640,393008,90.2,54.2,7251
Central,Kampala,Nakawa Division,153429,163594,317023,93.8,52.8,6004
Central,Kampala,Kampala Total,712762,794318,1507080,89.7,190.1,7928
Central,Kayunga,Bbaale,8925,8244,17169,108.3,281.5,61
Central,Kayunga,Busaana,27713,28775,56488,96.3,147.1,384
Central,Kayunga,Galiraya,12432,11721,24153,106.1,287.9,84
Central,Kayunga,Kangulumira,25844,27910,53754,92.6,109.5,491
Central,Kayunga,Kayonza,29643,29784,59427,99.5,361,165
Central,Kayunga,Kayunga,20372,21410,41782,95.2,137.8,303
Central,Kayunga,Kayunga Town Council,12808,14253,27061,89.9,29.1,930
Central,Kayunga,Kitimbwa,22116,23384,45500,94.6,132.8,343
Central,Kayunga,Nazigo,20853,21875,42728,95.3,109.1,392
Central,Kayunga,Kayunga Total,180706,187356,368062,96.5,1595.8,231
Central,Kiboga,Bukomero,7956,7125,15081,111.7,140.8,107
Central,Kiboga,Bukomero Town Council,7099,7083,14182,100.2,37.5,378
Central,Kiboga,Ddwaniro,6678,5432,12110,122.9,465.3,26
Central,Kiboga,Kapeke,8161,7411,15572,110.1,378.6,41
Central,Kiboga,Kibiga,13131,12554,25685,104.6,172.9,149
Central,Kiboga,Kiboga Town Council,9290,10048,19338,92.5,19.6,987
Central,Kiboga,Lwamata,14367,13881,28248,103.5,255.3,111
Central,Kiboga,Muwanga,9165,8837,18002,103.7,115.8,155
Central,Kiboga,Kiboga Total,75847,72371,148218,104.8,1585.8,93
Central,Kyankwanzi,Bananywa,16186,14960,31146,108.2,,
Central,Kyankwanzi,Butemba,18182,16766,34948,108.4,,
Central,Kyankwanzi,Butemba Town Council,7382,6964,14346,106,,
Central,Kyankwanzi,Gayaza,10798,9631,20429,112.1,,
Central,Kyankwanzi,Kyankwanzi,7016,5910,12926,118.7,,
Central,Kyankwanzi,Mulagi,6388,6613,13001,96.6,,
Central,Kyankwanzi,Nkandwa,6600,6298,12898,104.8,,
Central,Kyankwanzi,Nsambya,13961,12421,26382,112.4,,
Central,Kyankwanzi,Ntwetwe,9187,8302,17489,110.7,,
Central,Kyankwanzi,Ntwetwe  Town Council,5073,5074,10147,100,,
Central,Kyankwanzi,Wattuba,10766,10215,20981,105.4,,
Central,Kyankwanzi,Kyankwanzi Total,111539,103154,214693,108.1,,
Central,Luwero,Bamunanika,14475,14300,28775,101.2,121.1,238
Central,Luwero,Bombo Town Council,12432,13400,25832,92.8,7.8,3312
Central,Luwero,Butuntumula,17871,17443,35314,102.5,385.1,92
Central,Luwero,Kalagala,22175,22395,44570,99,142.9,312
Central,Luwero,Kamira,13864,12524,26388,110.7,430.8,61
Central,Luwero,Katikamu,21243,22203,43446,95.7,151.9,286
Central,Luwero,Kikyusa,17570,17169,34739,102.3,262.5,132
Central,Luwero,Luweero Town Council,19845,23024,42869,86.2,177.9,241
Central,Luwero,Luwero,16928,16623,33551,101.8,21.2,1583
Central,Luwero,Makulubita,16780,16117,32897,104.1,170.3,193
Central,Luwero,Nyimbwa,18664,17873,36537,104.4,97.1,376
Central,Luwero,Wobulenzi Town Council,12337,14711,27048,83.9,17.2,1573
Central,Luwero,Zirobwe,22621,22371,44992,101.1,230.1,196
Central,Luwero,Luwero Total,226805,230153,456958,98.5,2215.9,206
Central,Lwengo,Kisekka,23738,25492,49230,93.1,164.9,299
Central,Lwengo,Kkingo,16732,17656,34388,94.8,109.6,314
Central,Lwengo,Kyazanga,17112,17660,34772,96.9,154.2,225
Central,Lwengo,Kyazanga Town Council,7181,8015,15196,89.6,19.1,796
Central,Lwengo,Lwengo,24487,25426,49913,96.3,224.1,223
Central,Lwengo,Lwengo Town Council,6748,7557,14305,89.3,32.8,436
Central,Lwengo,Malongo,18533,19978,38511,92.8,177.8,217
Central,Lwengo,Ndagwe,18943,19695,38638,96.2,141.8,272
Central,Lwengo,Lwengo Total,133474,141479,274953,94.3,1024.3,268
Central,Lyantonde,Kaliiro,9017,9295,18312,97,108.4,169
Central,Lyantonde,Kasagama,5693,5344,11037,106.5,204.2,54
Central,Lyantonde,Kinuuka,4377,4361,8738,100.4,145.7,60
Central,Lyantonde,Lyantonde,8969,9075,18044,98.8,109.5,165
Central,Lyantonde,Lyantonde Town Council,6545,7278,13823,89.9,9.8,1411
Central,Lyantonde,Mpumudde,12113,11686,23799,103.7,309.8,77
Central,Lyantonde,Lyantonde Total,46714,47039,93753,99.3,887.4,106
Central,Masaka,Bukakata,9424,8319,17743,113.3,265.4,67
Central,Masaka,Buwunga,21079,21139,42218,99.7,258.2,164
Central,Masaka,Kabonera,15903,17100,33003,93,99.3,332
Central,Masaka,Kyanamukaaka,15922,15599,31521,102.1,186.2,169
Central,Masaka,Kyesiiga,12749,12083,24832,105.5,169.5,147
Central,Masaka,Mukungwe,21539,22921,44460,94,133.9,332
Central,Masaka,Katwe-Butego Division,11959,13394,25353,89.3,15.5,1636
Central,Masaka,Kimaanya-Kyabakuza Division,16371,17889,34260,91.5,19,1803
Central,Masaka,Nyendo-Ssenyange Division,20606,23008,43614,89.6,11.8,3696
Central,Masaka,Masaka Total,145552,151452,297004,96.1,1158.8,256
Central,Mityana,Busimbi Division,7651,7626,15277,100.3,,
Central,Mityana,Central Division,26727,30023,56750,89,,
Central,Mityana,Ttamu Division,11674,11727,23401,99.5,,
Central,Mityana,Bbanda,7018,6579,13597,106.7,,
Central,Mityana,Butayunja,5579,5304,10883,105.2,,
Central,Mityana,Kakindu,9510,8913,18423,106.7,,
Central,Mityana,Maanyi,11066,10220,21286,108.3,,
Central,Mityana,Malangala,11933,12226,24159,97.6,,
Central,Mityana,Bulera,15583,14442,30025,107.9,,
Central,Mityana,Kalangaalo,15652,14980,30632,104.5,,
Central,Mityana,Kikandwa,15281,14418,29699,106,,
Central,Mityana,Namungo,8858,8303,17161,106.7,,
Central,Mityana,Ssekanyonyi,19185,18486,37671,103.8,,
Central,Mityana,Mityana Total,165717,163247,328964,101.5,,
Central,Mpigi,Buwama,25395,25116,50511,101.1,252.8,200
Central,Mpigi,Kammengo,19768,19155,38923,103.2,242.1,161
Central,Mpigi,Kiringente,11411,11314,22725,100.9,71.9,316
Central,Mpigi,Kituntu,11280,10991,22271,102.6,140,159
Central,Mpigi,Mpigi Town Council,21140,22220,43360,95.1,150.6,288
Central,Mpigi,Muduuma,15649,14987,30636,104.4,159.6,192
Central,Mpigi,Nkozi,20761,21361,42122,97.2,187.4,225
Central,Mpigi,Mpigi Total,125404,125144,250548,100.2,1204.4,208
Central,Mubende,Butoloogo,22806,21568,44374,105.7,,
Central,Mubende,Kitenga,30752,29309,60061,104.9,,
Central,Mubende,Kiyuni,12528,12408,24936,101,,
Central,Mubende,Madudu,18706,18191,36897,102.8,,
Central,Mubende,Bagezza,5762,5916,11678,97.4,,
Central,Mubende,Kasambya,19607,18609,38216,105.4,,
Central,Mubende,Kibalinga,17896,18280,36176,97.9,,
Central,Mubende,Kigando,20341,20204,40545,100.7,,
Central,Mubende,Nabingoola,17682,18470,36152,95.7,,
Central,Mubende,Bukuya,15535,15574,31109,99.7,,
Central,Mubende,Kalwana,16812,16328,33140,103,,
Central,Mubende,Kassanda,22030,21827,43857,100.9,,
Central,Mubende,Kiganda,19359,18868,38227,102.6,,
Central,Mubende,Kitumbi,31161,27550,58711,113.1,,
Central,Mubende,Makokoto,4018,3963,7981,101.4,,
Central,Mubende,Manyogaseka,6353,5381,11734,118.1,,
Central,Mubende,Myanzi,10879,10592,21471,102.7,,
Central,Mubende,Nalutuntu,12779,12535,25314,101.9,,
Central,Mubende,"Eastern Division,Mubende Municipality",12858,13080,25938,98.3,,
Central,Mubende,"Western Division,Mubende Municipality",13664,12944,26608,105.6,,
Central,Mubende,"Southern Division,Mubende Municipality",15126,16097,31223,94,,
Central,Mubende,Mubende Total,346654,337694,684348,102.7,,
Central,Mukono,Central Division,31122,38549,69671,80.7,32.3,2157
Central,Mukono,Goma Division,43538,49587,93125,87.8,113.9,818
Central,Mukono,Kasawo,17685,18242,35927,96.9,122.2,294
Central,Mukono,Kimenyedde,17127,18485,35612,92.7,102.8,346
Central,Mukono,Koome Island,10534,8244,18778,127.8,97.5,193
Central,Mukono,Kyampisi,22110,22878,44988,96.6,127,354
Central,Mukono,Mpatta,8934,8211,17145,108.8,91.2,188
Central,Mukono,Mpunge,7107,6812,13919,104.3,56.1,248
Central,Mukono,Nabbaale,17636,19056,36692,92.5,116.7,314
Central,Mukono,Nagojje,17192,17311,34503,99.3,160,216
Central,Mukono,Nakisunga,23920,24410,48330,98,194.3,249
Central,Mukono,Nama,26238,28030,54268,93.6,122.1,444
Central,Mukono,Ntenjeru,20167,20937,41104,96.3,165.6,248
Central,Mukono,Ntunda,7639,7427,15066,102.9,135.9,111
Central,Mukono,Seeta Namuganga,18808,18868,37676,99.7,193.5,195
Central,Mukono,Mukono Total,289757,307047,596804,94.4,1831.1,326
Central,Nakaseke,Butalangu Town Council,2294,1802,4096,127.3,77.1,53
Central,Nakaseke,Kapeeka,15702,12131,27833,129.4,143.3,194
Central,Nakaseke,Kasangombe,10976,10781,21757,101.8,113.4,192
Central,Nakaseke,Kikamulo,9312,9123,18435,102.1,124.9,148
Central,Nakaseke,Kinoni,3745,2940,6685,127.4,452.4,15
Central,Nakaseke,Kinyogoga,7256,4383,11639,165.5,725.8,16
Central,Nakaseke,Kito,5097,4654,9751,109.5,98.7,99
Central,Nakaseke,Kiwoko Town Council,5363,5734,11097,93.5,35.9,309
Central,Nakaseke,Nakaseke,8889,8746,17635,101.6,100.8,175
Central,Nakaseke,Nakaseke Town Council,3498,3750,7248,93.3,12.1,599
Central,Nakaseke,Ngoma,4588,3265,7853,140.5,807.6,10
Central,Nakaseke,Ngoma Town Council,3176,3109,6285,102.2,97.6,64
Central,Nakaseke,Semuto,12091,11313,23404,106.9,133.3,176
Central,Nakaseke,Semuto Town Council,5361,5310,10671,101,28.7,372
Central,Nakaseke,Wakyato,7447,5537,12984,134.5,523.7,25
Central,Nakaseke,Nakaseke Total,104795,92578,197373,113.2,3475.3,57
Central,Nakasongola,Kakooge,10711,9726,20437,110.1,467.5,44
Central,Nakasongola,Kakooge Town Council,4426,4550,8976,97.3,64.3,140
Central,Nakasongola,Kalongo,9992,9480,19472,105.4,401.4,49
Central,Nakasongola,Kalungi,11774,12002,23776,98.1,227.7,104
Central,Nakasongola,Lwabiyata,7804,7806,15610,100,179.4,87
Central,Nakasongola,Lwampanga,15644,14035,29679,111.5,214.4,138
Central,Nakasongola,Migeera Town Council,2981,2878,5859,103.6,66.4,88
Central,Nakasongola,Nabisweera,8837,7685,16522,115,738.9,22
Central,Nakasongola,Nakasongola Town Council,5133,4699,9832,109.2,50.1,196
Central,Nakasongola,Nakitoma,6698,6620,13318,101.2,429.6,31
Central,Nakasongola,Wabinyonyi,9323,8991,18314,103.7,474.6,39
Central,Nakasongola,Nakasongola Total,93323,88472,181795,105.5,3314.3,55
Central,Rakai,Byakabanda,9436,9319,18755,101.3,84.9,221
Central,Rakai,Ddwaniro,16097,16717,32814,96.3,109.5,300
Central,Rakai,Kabira,15683,15114,30797,103.8,338.5,91
Central,Rakai,Kacheera,11671,12152,23823,96,197.3,121
Central,Rakai,Kagamba,16426,17476,33902,94,124.1,273
Central,Rakai,Kakuuto,19772,19472,39244,101.5,404.6,97
Central,Rakai,Kalisizo,8856,9136,17992,96.9,78.2,230
Central,Rakai,Kalisizo Town Council,6343,7638,13981,83,16.3,858
Central,Rakai,Kasaali,13208,13344,26552,99,109.8,242
Central,Rakai,Kasasa,8431,8673,17104,97.2,114.8,149
Central,Rakai,Kibanda,12241,12318,24559,99.4,246.4,100
Central,Rakai,Kifamba,7242,7296,14538,99.3,70,208
Central,Rakai,Kirumba,12219,12773,24992,95.7,86.5,289
Central,Rakai,Kiziba,9922,10519,20441,94.3,99.8,205
Central,Rakai,Kyalulangira,13556,14266,27822,95,223.3,125
Central,Rakai,Kyebe,10512,10175,20687,103.3,425.2,49
Central,Rakai,Kyotera Town Council,5767,6902,12669,83.6,3.8,3334
Central,Rakai,Lwamaggwa,21628,22376,44004,96.7,219.3,201
Central,Rakai,Lwanda,14275,14422,28697,99,125.3,229
Central,Rakai,Lwankoni,7391,7496,14887,98.6,61.3,243
Central,Rakai,Nabigasa,10135,10523,20658,96.3,83.7,247
Central,Rakai,Rakai Town Council,3555,3836,7391,92.7,28.4,260
Central,Rakai,Rakai Total,254366,261943,516309,97.1,3251,159
Central,Ssembabule,Lugusulu,16168,15093,31261,107.1,741.5,42
Central,Ssembabule,Lwebitakuli,30330,31414,61744,96.5,300.9,205
Central,Ssembabule,Lwemiyaga,18417,18262,36679,100.8,310.1,118
Central,Ssembabule,Mateete,25638,26433,52071,97,210.7,247
Central,Ssembabule,Mateete Town Council,4839,5458,10297,88.7,20.3,507
Central,Ssembabule,Mijwala,14867,15064,29931,98.7,224.1,134
Central,Ssembabule,Ntuusi,12560,11402,23962,110.2,478.2,50
Central,Ssembabule,Sembabule Town Council,3265,3387,6652,96.4,30.7,217
Central,Ssembabule,Ssembabule Total,126084,126513,252597,99.7,2316.5,109
Central,Wakiso,Bussi,8552,7275,15827,117.6,,
Central,Wakiso,Kakiri,19938,19199,39137,103.8,,
Central,Wakiso,Kakiri Town Council,9397,9860,19257,95.3,,
Central,Wakiso,Kasanje,14597,14411,29008,101.3,,
Central,Wakiso,Katabi,49583,56086,105669,88.4,,
Central,Wakiso,Masuliita,5543,5171,10714,107.2,,
Central,Wakiso,Masulita Town Council,7355,7234,14589,101.7,,
Central,Wakiso,Mende,13052,13275,26327,98.3,,
Central,Wakiso,Namayumba,9824,8352,18176,117.6,,
Central,Wakiso,Namayumba Town Council,7554,7590,15144,99.5,,
Central,Wakiso,Nsangi,92363,103168,195531,89.5,,
Central,Wakiso,Ssisa,45063,47853,92916,94.2,,
Central,Wakiso,Wakiso,83266,93514,176780,89,,
Central,Wakiso,Wakiso Town Council,28380,31830,60210,89.2,,
Central,Wakiso,Nangabo,67215,75146,142361,89.4,,
Central,Wakiso,"Division A,Entebbe Municipality",19009,20475,39484,92.8,,
Central,Wakiso,"Division B,Entebbe Municipality",14686,16049,30735,91.5,,
Central,Wakiso,"Bweyogerere Division,Kira Municipality",50216,56626,106842,88.7,,
Central,Wakiso,"Kira Division,Kira Municipality",29078,31421,60499,92.5,,
Central,Wakiso,"Namugongo Division,Kira Municipality",69637,80179,149816,86.9,,
Central,Wakiso,"Bunamwaya Division,MakindyeSsabagabo Municipality",33733,38800,72533,86.9,,
Central,Wakiso,"Masajja Division,MakindyeSsabagabo Municipality",54797,62451,117248,87.7,,
Central,Wakiso,"Ndejje Division,MakindyeSsabagabo Municipality",44136,49355,93491,89.4,,
Central,Wakiso,"Busukuma Division,Nansana Municipality",19041,18689,37730,101.9,,
Central,Wakiso,"Gombe Division,Nansana Municipality",37406,39233,76639,95.3,,
Central,Wakiso,"Nabweru Division,Nansana Municipality",49681,56584,106265,87.8,,
Central,Wakiso,"Nansana Division,Nansana Municipality",65933,78557,144490,83.9,,
Central,Wakiso,Wakiso Total,949035,1048383,1997418,90.5,,
Eastern,Amuria,Abarilela,11672,12618,24290,92.5,187.5,130
Eastern,Amuria,Acowa,9261,9278,18539,99.8,211.4,88
Eastern,Amuria,Akeriau,6892,7335,14227,94,98.8,144
Eastern,Amuria,Akoromit,8832,9227,18059,95.7,157.7,115
Eastern,Amuria,Amuria Town Council,3600,3662,7262,98.3,22.9,317
Eastern,Amuria,Apeduru,7188,7530,14718,95.5,106,139
Eastern,Amuria,Asamuk,10512,10873,21385,96.7,141.5,151
Eastern,Amuria,Kapelebyong,9496,9715,19211,97.7,301.4,64
Eastern,Amuria,Kuju,8909,9157,18066,97.3,164.9,110
Eastern,Amuria,Morungatuny,8413,8767,17180,96,142.8,120
Eastern,Amuria,Obalanga,8700,9266,17966,93.9,207.3,87
Eastern,Amuria,Ogolai,6819,7072,13891,96.4,86.1,161
Eastern,Amuria,Okungur,6798,7007,13805,97,325.8,42
Eastern,Amuria,Orungo,7235,7523,14758,96.2,96.2,153
Eastern,Amuria,Wera,11678,12446,24124,93.8,213.2,113
Eastern,Amuria,Willa,6516,6931,13447,94,123.1,109
Eastern,Amuria,Amuria Total,132521,138407,270928,95.7,2586.6,105
Eastern,Budaka,Budaka,5339,5735,11074,93.1,37.9,292.2
Eastern,Budaka,Budaka Town Council,11356,12453,23809,91.2,22,1082.2
Eastern,Budaka,Iki-Iki,8936,9669,18605,92.4,31.3,594.4
Eastern,Budaka,Kachomo,7025,7481,14506,93.9,29.7,488.4
Eastern,Budaka,Kaderuna,8170,8847,17017,92.3,28.3,601.3
Eastern,Budaka,Kakule,6043,6409,12452,94.3,26.6,468.1
Eastern,Budaka,Kameruka,7311,7596,14907,96.2,31.4,474.7
Eastern,Budaka,Kamonkoli,12062,12702,24764,95,46.6,531.4
Eastern,Budaka,Katiira,7877,8317,16194,94.7,30.8,525.8
Eastern,Budaka,Lyama,9443,9745,19188,96.9,50.5,380
Eastern,Budaka,Mugiti,5638,5855,11493,96.3,17.3,664.3
Eastern,Budaka,Naboa,6681,7264,13945,92,35.1,397.3
Eastern,Budaka,Nansanga,4739,4904,9643,96.6,22.6,426.7
Eastern,Budaka,Budaka Total,100620,106977,207597,94.1,410.1,506.2
Eastern,Bududa,Bubiita,3465,3518,6983,98.5,3.9,1791
Eastern,Bududa,Bududa,5428,5368,10796,101.1,13.8,782
Eastern,Bududa,Bududa Town Council,3429,3370,6799,101.8,2,3400
Eastern,Bududa,Bukalasi,6510,6396,12906,101.8,60.9,212
Eastern,Bududa,Bukibokolo,5004,5038,10042,99.3,11.1,905
Eastern,Bududa,Bukigai,8714,9042,17756,96.4,8.1,2192
Eastern,Bududa,Bulucheke,7857,7252,15109,108.3,15.7,962
Eastern,Bududa,Bumasheti,8207,7723,15930,106.3,12.5,1274
Eastern,Bududa,Bumayoka,9661,9590,19251,100.7,31.5,611
Eastern,Bududa,Bushika,15428,15498,30926,99.5,19.3,1602
Eastern,Bududa,Bushiribo,5848,5693,11541,102.7,7.7,1499
Eastern,Bududa,Bushiyi,7882,7869,15751,100.2,38.8,406
Eastern,Bududa,Buwali,3262,3105,6367,105.1,5.6,1137
Eastern,Bududa,Nabweya,5177,5071,10248,102.1,5.9,1737
Eastern,Bududa,Nakatsi,5419,5458,10877,99.3,7.6,1431
Eastern,Bududa,Nalwanza,4529,4362,8891,103.8,73.3,121
Eastern,Bududa,Bududa Total,105820,104353,210173,101.4,317.7,662
Eastern,Bugiri,Budhaya,13888,14584,28472,95.2,82.4,346
Eastern,Bugiri,Bugiri  Town Council,13420,15327,28747,87.6,8.1,3549
Eastern,Bugiri,Bulesa,19330,20397,39727,94.8,100.8,394
Eastern,Bugiri,Bulidha,11816,12456,24272,94.9,72.5,335
Eastern,Bugiri,Buluguyi,15379,16032,31411,95.9,146.8,214
Eastern,Bugiri,Buwunga,22664,24098,46762,94,120.7,387
Eastern,Bugiri,Iwemba,9543,9754,19297,97.8,74.9,258
Eastern,Bugiri,Kapyanga,28464,30067,58531,94.7,151.3,387
Eastern,Bugiri,Muterere,13515,14392,27907,93.9,63.7,438
Eastern,Bugiri,Nabukalu,18069,18559,36628,97.4,129.9,282
Eastern,Bugiri,Nankoma,19837,21322,41159,93,89.5,460
Eastern,Bugiri,Bugiri Total,185925,196988,382913,94.4,1040.6,368
Eastern,Bukedea,Bukedea,14748,15691,30439,94,127.8,238
Eastern,Bukedea,Bukedea Town Council,5337,5590,10927,95.5,33.9,322
Eastern,Bukedea,Kachumbala,26677,28745,55422,92.8,151.5,366
Eastern,Bukedea,Kidongole,13697,14506,28203,94.4,94,300
Eastern,Bukedea,Kolir,16079,16654,32733,96.5,266.3,123
Eastern,Bukedea,Malera,22146,23730,45876,93.3,358.8,128
Eastern,Bukedea,Bukedea Total,98684,104916,203600,94.1,1032.3,197
Eastern,Bukwo,Bukwo,4270,4180,8450,102,30.3,279
Eastern,Bukwo,Bukwo Town Council,3803,3786,7589,100,7.7,986
Eastern,Bukwo,Chepkwasta,4273,4135,8408,103,101.9,83
Eastern,Bukwo,Chesower,3302,3253,6555,102,76.1,86
Eastern,Bukwo,Kabei,3142,3180,6322,99,77.8,81
Eastern,Bukwo,Kamet,2591,2526,5117,103,15.5,330
Eastern,Bukwo,Kaptererwo,4420,4316,8736,102,36.5,239
Eastern,Bukwo,Kortek,2876,2923,5799,98,10.2,569
Eastern,Bukwo,Riwo,3987,3648,7635,109,67.6,113
Eastern,Bukwo,Senendet,4381,4430,8811,99,14.6,603
Eastern,Bukwo,Suam,5430,5306,10736,102,75.3,143
Eastern,Bukwo,Tulel,2583,2615,5198,99,11.4,456
Eastern,Bukwo,Bukwo Total,45058,44298,89356,102,524.9,170
Eastern,Bulambuli,Buginyanya,2810,2708,5518,103.8,4.9,1126
Eastern,Bulambuli,Bukhalu,13792,14252,28044,96.8,45.4,618
Eastern,Bulambuli,Bulaago,4892,4577,9469,106.9,38.3,247
Eastern,Bulambuli,Bulambuli Town Council,1511,1752,3263,86.2,7.4,441
Eastern,Bulambuli,Bulegeni,2495,2597,5092,96.1,6.4,796
Eastern,Bulambuli,Bulegeni Town Council,4841,5776,10617,83.8,4.1,2590
Eastern,Bulambuli,Buluganya,6692,6252,12944,107,16.5,784
Eastern,Bulambuli,Bumasobo,4121,3924,8045,105,79,102
Eastern,Bulambuli,Bumugibole,3315,3167,6482,104.7,30.9,210
Eastern,Bulambuli,Bunambutye,4316,4075,8391,105.9,270,31
Eastern,Bulambuli,Bwikhonge,3825,3940,7765,97.1,74.5,104
Eastern,Bulambuli,Kamu,2913,3440,6353,84.7,3,2269
Eastern,Bulambuli,Lusha,4417,4397,8814,100.5,6,1377
Eastern,Bulambuli,Masiira,4714,4808,9522,98,46,206
Eastern,Bulambuli,Muyembe,3703,3877,7580,95.5,7,1099
Eastern,Bulambuli,Nabbongo,4747,4835,9582,98.2,23.7,404
Eastern,Bulambuli,Namisuni,4600,4072,8672,113,4.4,1971
Eastern,Bulambuli,Simu,1948,3403,5351,57.2,13.3,402
Eastern,Bulambuli,Sisiyi,6456,6553,13009,98.5,13.4,971
Eastern,Bulambuli,Bulambuli Total,86108,88405,174513,97.4,694.6,251
Eastern,Busia,Eastern Division,14702,17233,31935,85,3.6,8871
Eastern,Busia,Western Division,10772,12091,22863,89,3.4,6724
Eastern,Busia,Buhehe,9608,10300,19908,93,55.5,359
Eastern,Busia,Bulumbi,7389,7902,15291,94,54.6,280
Eastern,Busia,Busime,8981,9593,18574,94,54.7,340
Eastern,Busia,Busitema,8570,8770,17340,98,65,267
Eastern,Busia,Buteba,13366,14174,27540,94,58.9,468
Eastern,Busia,Buyanga,9170,9189,18359,100,64.1,286
Eastern,Busia,Dabani,14261,14881,29142,96,50.5,577
Eastern,Busia,Lumino,7084,7630,14714,93,33.4,441
Eastern,Busia,Lunyo,7229,7746,14975,93,53.3,281
Eastern,Busia,Majanji,5175,5690,10865,91,38,283
Eastern,Busia,Masaba,11358,12020,23378,94,69,337
Eastern,Busia,Masafu,9876,10277,20153,96,55,368
Eastern,Busia,Masinya,9713,10284,19997,94,44,458
Eastern,Busia,Sikuda,9193,9435,18628,97,33.3,559
Eastern,Busia,Busia Total,156447,167215,323662,94,736.4,440
Eastern,Butaleja,Budumba,11248,11761,23009,95.6,83.1,277
Eastern,Butaleja,Busaba,12137,12565,24702,96.6,81.2,304
Eastern,Butaleja,Busabi,8851,9409,18260,94.1,65.2,280
Eastern,Butaleja,Busolwe,7210,7638,14848,94.4,33.8,439
Eastern,Butaleja,Busolwe Town Council,6485,7155,13640,90.6,16.6,822
Eastern,Butaleja,Butaleja,7838,8008,15846,97.9,43.2,367
Eastern,Butaleja,Butaleja Town Council,9680,9881,19561,98,52.1,375
Eastern,Butaleja,Himutu,7233,7491,14724,96.6,56.7,260
Eastern,Butaleja,Kachonga,12343,12997,25340,95,49.9,508
Eastern,Butaleja,Mazimasa,16119,16776,32895,96.1,53.4,616
Eastern,Butaleja,Nawanjofu,9627,9994,19621,96.3,79.8,246
Eastern,Butaleja,Naweyo,10695,11012,21707,97.1,40.1,541
Eastern,Butaleja,Butaleja Total,119466,124687,244153,95.8,655.1,373
Eastern,Buyende,Bugaya,40981,42964,83945,95.4,313.4,268
Eastern,Buyende,Buyende,21456,21807,43263,98.4,226.9,191
Eastern,Buyende,Buyende Town Council,11554,11647,23201,99.2,105.1,221
Eastern,Buyende,Kagulu,37406,39276,76682,95.2,308.4,249
Eastern,Buyende,Kidera,32561,33216,65777,98,263.3,250
Eastern,Buyende,Nkondo,14657,15542,30199,94.3,161.5,187
Eastern,Buyende,Buyende Total,158615,164452,323067,96.5,1378.6,234
Eastern,Iganga,Central Division,13767,16678,30445,82.5,3.5,8699
Eastern,Iganga,Northern Division,11353,13465,24818,84.3,3.4,7299
Eastern,Iganga,Bulamogi,14128,15285,29413,92.4,54.7,538
Eastern,Iganga,Busembatia Town Council,4629,7319,11948,63.2,5.6,2134
Eastern,Iganga,Buyanga,24444,26034,50478,93.9,108.3,466
Eastern,Iganga,Ibulanku,16725,17815,34540,93.9,85.4,404
Eastern,Iganga,Igombeg,8223,8844,17067,93,41.7,409
Eastern,Iganga,Makuutu,13576,14286,27862,95,68.6,406
Eastern,Iganga,Nabitende,13864,14420,28284,96.1,88.9,318
Eastern,Iganga,Nakalama,22205,24181,46386,91.8,68.9,673
Eastern,Iganga,Nakigo,18898,20381,39279,92.7,65.9,596
Eastern,Iganga,Namalemba,11153,11838,22991,94.2,69.3,332
Eastern,Iganga,Nambale,22378,24262,46640,92.2,118.9,392
Eastern,Iganga,Namungalwe,18005,19172,37177,93.9,84.2,442
Eastern,Iganga,Nawandala,15361,15889,31250,96.7,97.1,322
Eastern,Iganga,Nawanyingi,12473,13146,25619,94.9,53.9,475
Eastern,Iganga,Iganga Total,241182,263015,504197,91.7,1018.3,495
Eastern,Jinja,Central Division,11168,10299,21467,108.4,7,3067
Eastern,Jinja,Mpumudde Division,11889,11727,23616,101.4,12,1968
Eastern,Jinja,Budondo,24552,25956,50508,94.6,89.4,565
Eastern,Jinja,Bugembe Town Council,19751,21956,41707,90,7.5,5561
Eastern,Jinja,Busedde,18021,18696,36717,96.4,94.3,389
Eastern,Jinja,Butagaya,25838,27708,53546,93.3,113.2,473
Eastern,Jinja,Buwenge,22413,24203,46616,92.6,100.3,465
Eastern,Jinja,Buwenge Town Council,10369,11757,22126,88.2,9.2,2405
Eastern,Jinja,Buyengo,16002,16468,32470,97.2,78,416
Eastern,Jinja,Kakira Town Council,17453,15240,32693,114.5,104.3,313
Eastern,Jinja,Mafubira,37623,41048,78671,91.7,51.8,1519
Eastern,Jinja,Masese Walukuba,15110,15995,31105,94.5,11.7,2659
Eastern,Jinja,Jinja Total,230189,241053,471242,95.5,678.7,694
Eastern,Kaberamaido,Alwa,11428,11904,23332,96,142.9,163.3
Eastern,Kaberamaido,Anyara,10795,11176,21971,96.6,118.7,185.1
Eastern,Kaberamaido,Apapai,5494,5730,11224,95.9,78.4,143.2
Eastern,Kaberamaido,Aperkira,7108,7190,14298,98.9,106.1,134.8
Eastern,Kaberamaido,Bululu,10667,10723,21390,99.5,158.3,135.1
Eastern,Kaberamaido,Kaberamaido,8742,8974,17716,97.4,103.2,171.7
Eastern,Kaberamaido,Kaberamaido Town Council,1906,2126,4032,89.7,10.2,395.3
Eastern,Kaberamaido,Kakure,6169,6442,12611,95.8,75.2,167.7
Eastern,Kaberamaido,Kalaki,8316,8409,16725,98.9,101.8,164.3
Eastern,Kaberamaido,Kobulubulu,9785,9873,19658,99.1,148.6,132.3
Eastern,Kaberamaido,Ochero,12894,13222,26116,97.5,177.9,146.8
Eastern,Kaberamaido,Otuboi,12738,13215,25953,96.4,125.9,206.1
Eastern,Kaberamaido,Kaberamaido Total,106042,108984,215026,97.3,1347.2,159.6
Eastern,Kaliro,Bumanya,24530,25771,50301,95,160.3,314
Eastern,Kaliro,Gadumire,17143,17512,34655,98,130.1,266
Eastern,Kaliro,Kaliro Town Council,8048,8705,16753,92,24.4,687
Eastern,Kaliro,Namugongo,17480,17667,35147,99,110.1,319
Eastern,Kaliro,Namwiwa,17628,18347,35975,96,143.1,251
Eastern,Kaliro,Nawaikoke,31140,32228,63368,97,210.5,301
Eastern,Kaliro,Kaliro Total,115969,120230,236199,96,778.5,303
Eastern,Kamuli,Northern Division,14319,15953,30272,89.8,,
Eastern,Kamuli,Southern Division,13730,14982,28712,91.6,,
Eastern,Kamuli,Balawoli,26768,27530,54298,97.2,,
Eastern,Kamuli,Bulopa,14399,14510,28909,99.2,,
Eastern,Kamuli,Butansi,14457,15113,29570,95.7,,
Eastern,Kamuli,Kitayunjwa,19461,20626,40087,94.4,,
Eastern,Kamuli,Nabwigulu,10700,11287,21987,94.8,,
Eastern,Kamuli,Namasagali,18653,18910,37563,98.6,,
Eastern,Kamuli,Namwendwa,27909,29697,57606,94,,
Eastern,Kamuli,Bugulumbya,17603,18678,36281,94.2,,
Eastern,Kamuli,Kisozi,23204,24496,47700,94.7,,
Eastern,Kamuli,Mbulamuti,14249,15258,29507,93.4,,
Eastern,Kamuli,Nawanyago,11252,12587,23839,89.4,,
Eastern,Kamuli,Wankole,9685,10303,19988,94,,
Eastern,Kamuli,Kamuli Total,236389,249930,486319,94.6,,
Eastern,Kapchworwa,Central Division,6209,6586,12795,94.3,,
Eastern,Kapchworwa,Eastern Division,5639,5586,11225,100.9,,
Eastern,Kapchworwa,Western Division,9600,9975,19575,96.2,,
Eastern,Kapchworwa,Amukol,1837,1938,3775,94.8,,
Eastern,Kapchworwa,Chema,4213,4437,8650,95,,
Eastern,Kapchworwa,Chepterech,2034,2043,4077,99.6,,
Eastern,Kapchworwa,Gamogo,1664,1712,3376,97.2,,
Eastern,Kapchworwa,Kabeywa,2635,2586,5221,101.9,,
Eastern,Kapchworwa,Kapsinda,3698,3731,7429,99.1,,
Eastern,Kapchworwa,Kaptanya,3490,3743,7233,93.2,,
Eastern,Kapchworwa,Kaserem,2258,2452,4710,92.1,,
Eastern,Kapchworwa,Kawowo,3339,3571,6910,93.5,,
Eastern,Kapchworwa,Munarya,2734,2781,5515,98.3,,
Eastern,Kapchworwa,Sipi,2308,2387,4695,96.7,,
Eastern,Kapchworwa,Kapchworwa Total,51658,53528,105186,96.5,,
Eastern,Katakwi,Kapujan,6391,6693,13084,95.5,110.6,118
Eastern,Katakwi,Katakwi,17818,19084,36902,93.4,292.5,126
Eastern,Katakwi,Katakwi Town Council,3766,3992,7758,94.3,11.6,669
Eastern,Katakwi,Magoro,9162,9505,18667,96.4,260.2,72
Eastern,Katakwi,Ngariam,5375,5571,10946,96.5,235.8,46
Eastern,Katakwi,Omodoi,8177,8691,16868,94.1,162.4,104
Eastern,Katakwi,Ongongoja,8210,8209,16419,100,495,33
Eastern,Katakwi,Palam,6496,6154,12650,105.6,412,31
Eastern,Katakwi,Toroma,5750,5963,11713,96.4,76.3,154
Eastern,Katakwi,Usuk,10528,10696,21224,98.4,249.2,85
Eastern,Katakwi,Katakwi Total,81673,84558,166231,96.6,2305.6,72
Eastern,Kibuku,Bulangira,11741,12428,24169,94.5,50.3,481
Eastern,Kibuku,Buseta,8035,8656,16691,92.8,40.4,413
Eastern,Kibuku,Kabweri,7282,8056,15338,90.4,31.1,493
Eastern,Kibuku,Kadama,9554,10420,19974,91.7,42.3,472
Eastern,Kibuku,Kagumu,13247,14195,27442,93.3,59.1,464
Eastern,Kibuku,Kasasira,10887,11522,22409,94.5,70,320
Eastern,Kibuku,Kibuku,6118,6412,12530,95.4,25.3,495
Eastern,Kibuku,Kibuku Town Council,4052,4455,8507,91,14.5,587
Eastern,Kibuku,Kirika,11380,12162,23542,93.6,53.2,443
Eastern,Kibuku,Tirinyi,15180,16251,31431,93.4,97.7,322
Eastern,Kibuku,Kibuku Total,97476,104557,202033,93.2,483.9,418
Eastern,Kumi,Northern Division,8595,9266,17861,92.8,,
Eastern,Kumi,Southern Division,9208,9424,18632,97.7,,
Eastern,Kumi,Atutur,10464,11106,21570,94.2,,
Eastern,Kumi,Kanyum,20227,21574,41801,93.8,,
Eastern,Kumi,Kumi,8610,8951,17561,96.2,,
Eastern,Kumi,Mukongoro,22817,23981,46798,95.1,,
Eastern,Kumi,Nyero,15988,17073,33061,93.6,,
Eastern,Kumi,Ongino,20548,21436,41984,95.9,,
Eastern,Kumi,Kumi Total,116457,122811,239268,94.8,,
Eastern,Kween,Benet,5601,5516,11117,101.5,136.7,81
Eastern,Kween,Binyiny,2506,2550,5056,98.3,24.9,203
Eastern,Kween,Binyiny Town Council,1607,1681,3288,95.6,5.7,577
Eastern,Kween,Kaproron,2531,2582,5113,98,39,131
Eastern,Kween,Kaptoyoy,4069,4170,8239,97.6,43.5,189
Eastern,Kween,Kaptum,4642,4762,9404,97.5,54.6,172
Eastern,Kween,Kiriki,2600,2263,4863,114.9,80.9,60
Eastern,Kween,Kitawoi,3759,3740,7499,100.5,38.2,196
Eastern,Kween,Kwanyiy,4970,5084,10054,97.8,41.7,241
Eastern,Kween,Kwosir,5830,6069,11899,96.1,64.7,184
Eastern,Kween,Moyok,2894,2880,5774,100.5,14.8,390
Eastern,Kween,Ngenge,6395,4966,11361,128.8,306.6,37
Eastern,Kween,Kween Total,47404,46263,93667,102.5,851.3,110
Eastern,Luuka,Bukanga,19812,21851,41663,90.7,94.1,443
Eastern,Luuka,Bukooma,18830,20376,39206,92.4,134.8,291
Eastern,Luuka,Bulongo,13502,14745,28247,91.6,77.2,366
Eastern,Luuka,Ikumbya,16427,17851,34278,92,132.9,258
Eastern,Luuka,Irongo,12790,13633,26423,93.8,73.9,358
Eastern,Luuka,Luuka Town Council,4834,5430,10264,89,16.3,630
Eastern,Luuka,Nawampiti,10188,11125,21313,91.6,49,435
Eastern,Luuka,Waibuga,17183,19443,36626,88.4,71.5,512
Eastern,Luuka,Luuka Total,113566,124454,238020,91.3,649.7,366
Eastern,Manafwa,Bubutu,11473,11751,23224,97.6,38.9,597
Eastern,Manafwa,Bugobero,6514,6909,13423,94.3,20.2,665
Eastern,Manafwa,Bukhabusi,4941,4912,9853,100.6,11.5,857
Eastern,Manafwa,Bukhaweka,4513,4606,9119,98,11.3,807
Eastern,Manafwa,Bukhofu,3593,3774,7367,95.2,9.7,759
Eastern,Manafwa,Bukiabi,5560,5702,11262,97.5,13.7,822
Eastern,Manafwa,Bukokho,9576,9922,19498,96.5,19.5,1000
Eastern,Manafwa,Bukusu,6169,6409,12578,96.3,18,699
Eastern,Manafwa,Bumbo,8159,8436,16595,96.7,15.2,1092
Eastern,Manafwa,Bumwoni,9257,10021,19278,92.4,22.7,849
Eastern,Manafwa,Bunabwana,5811,6062,11873,95.9,25,485
Eastern,Manafwa,Bupoto,6842,6795,13637,100.7,51,270
Eastern,Manafwa,Busukuya,6275,6585,12860,95.3,25,516
Eastern,Manafwa,Butiru,8682,8999,17681,96.5,38,470
Eastern,Manafwa,Butta,1962,2119,4081,92.6,8,517
Eastern,Manafwa,Buwabwala,3292,3619,6911,91,7,987
Eastern,Manafwa,Buwagogo,3403,3591,6994,94.8,8.9,786
Eastern,Manafwa,Kaato,4578,4695,9273,97.5,7.5,1236
Eastern,Manafwa,Khabutoola,7221,7730,14951,93.4,20.3,737
Eastern,Manafwa,Lwakhakha Town Council,4430,4718,9148,93.9,9.7,943
Eastern,Manafwa,Magale,10041,10541,20582,95.3,22.2,927
Eastern,Manafwa,Manafwa Town Council,6629,7016,13645,94.5,18.7,730
Eastern,Manafwa,Mukoto,4025,3997,8022,100.7,35.3,227
Eastern,Manafwa,Nalondo,2884,2951,5835,97.7,9.8,595
Eastern,Manafwa,Namabya,5111,5367,10478,95.2,12.6,832
Eastern,Manafwa,Namboko,5102,5156,10258,99,13.6,754
Eastern,Manafwa,Sibanga,3609,3818,7427,94.5,13,571
Eastern,Manafwa,Sisuni,1918,2072,3990,92.6,8.1,493
Eastern,Manafwa,Tsekululu,8232,8184,16416,100.6,14.7,1117
Eastern,Manafwa,Weswa,3778,3788,7566,99.7,7.4,1022
Eastern,Manafwa,Manafwa Total,173580,180245,353825,96.3,534.9,661
Eastern,Mayuge,Baitambogwe,18189,19760,37949,92,73.6,516
Eastern,Mayuge,Bukabooli,21171,22092,43263,95.8,102.8,421
Eastern,Mayuge,Bukatube,19497,20601,40098,94.6,154.8,259
Eastern,Mayuge,Busakira,14196,14901,29097,95.3,65.3,446
Eastern,Mayuge,Buwaaya,10296,10976,21272,93.8,56.1,379
Eastern,Mayuge,Imanyiro,15279,16083,31362,95,84.4,372
Eastern,Mayuge,Jaguzi,6611,6606,13217,100.1,25.8,512
Eastern,Mayuge,Kigandalo,15411,16105,31516,95.7,73.1,431
Eastern,Mayuge,Kityerera,22392,23757,46149,94.3,92.68,498
Eastern,Mayuge,Malongo,49862,52199,102061,95.5,215.3,474
Eastern,Mayuge,Mayuge Town Council,8059,9333,17392,86.3,16.6,1048
Eastern,Mayuge,Mpungwe,12022,13620,25642,88.3,56.8,451
Eastern,Mayuge,Wairasa,16267,17954,34221,90.6,57.4,596
Eastern,Mayuge,Mayuge Total,229252,243987,473239,94,1074.68,440
Eastern,Mbale,Industrial Divison,19100,21295,40395,89.7,9.5,4252
Eastern,Mbale,Northern Division,17284,20624,37908,83.8,7.8,4860
Eastern,Mbale,Wanale Division,6535,8019,14554,81.5,6.9,2109
Eastern,Mbale,Bubyangu,9882,11157,21039,88.6,29.6,711
Eastern,Mbale,Budwale,3638,4031,7669,90.3,12,639
Eastern,Mbale,Bufumbo,9170,10586,19756,86.6,8.9,2220
Eastern,Mbale,Bukasakya,13980,15683,29663,89.1,19.9,1491
Eastern,Mbale,Bukiende,10460,11355,21815,92.1,13.7,1592
Eastern,Mbale,Bukonde,9198,9904,19102,92.9,39.9,479
Eastern,Mbale,Bumasikye,5918,6350,12268,93.2,28.2,435
Eastern,Mbale,Bumbobi,7926,8426,16352,94.1,24.6,665
Eastern,Mbale,Bungokho,13827,14779,28606,93.6,51.1,560
Eastern,Mbale,Bungokho Mutoto,16581,17791,34372,93.2,17.7,1942
Eastern,Mbale,Busano,7317,7516,14833,97.4,26.1,568
Eastern,Mbale,Busiu,11801,12305,24106,95.9,49,492
Eastern,Mbale,Busoba,9992,10804,20796,92.5,38.8,536
Eastern,Mbale,Lukhonge,4656,4969,9625,93.7,17.9,538
Eastern,Mbale,Lwasso,4493,4469,8962,100.5,9.1,985
Eastern,Mbale,Nakaloke,10872,11929,22801,91.1,30.9,738
Eastern,Mbale,Nakaloke Town Council,13298,14749,28047,90.2,14.2,1975
Eastern,Mbale,Namanyonyi,14922,15832,30754,94.3,28.5,1079
Eastern,Mbale,Nyondo,5864,6373,12237,92,17.8,687
Eastern,Mbale,Wanale,6625,6675,13300,99.3,16.3,816
Eastern,Mbale,Mbale Total,233339,255621,488960,91.3,518.4,943
Eastern,Namayingo,Banda,21224,22121,43345,95.9,89.3,485
Eastern,Namayingo,Buhemba,13717,13899,27616,98.7,64.8,426
Eastern,Namayingo,Bukana,4332,4206,8538,103,7.1,1203
Eastern,Namayingo,Buswale,13199,13563,26762,97.3,94.8,282
Eastern,Namayingo,Buyinja,10740,11682,22422,91.9,61.5,365
Eastern,Namayingo,Lolwe,6313,5877,12190,107.4,26.6,458
Eastern,Namayingo,Mutumba,20789,21551,42340,96.5,100.2,423
Eastern,Namayingo,Namayingo Town Council,7393,8347,15740,88.6,25.7,612
Eastern,Namayingo,Sigulu Island,8596,7894,16490,108.9,116.5,142
Eastern,Namayingo,Namayingo Total,106303,109140,215443,97.4,586.5,367
Eastern,Namutumba,Bulange,21908,22775,44683,96.2,146.6,305
Eastern,Namutumba,Ivukula,22187,22601,44788,98.2,187.5,239
Eastern,Namutumba,Kibaale,16082,16732,32814,96.1,93.7,350
Eastern,Namutumba,Magada,23811,24748,48559,96.2,174.4,278
Eastern,Namutumba,Namutumba,18379,19106,37485,96.2,112.6,333
Eastern,Namutumba,Namutumba Town Council,8912,9767,18679,91.2,23.9,782
Eastern,Namutumba,Nsinze,12632,12917,25549,97.8,73.7,347
Eastern,Namutumba,Namutumba Total,123911,128646,252557,96.3,812.4,311
Eastern,Ngora,Kapir,14847,16361,31208,90.7,70.2,445
Eastern,Ngora,Kobwin,16129,17228,33357,93.6,8.9,3748
Eastern,Ngora,Mukura,16238,17348,33586,93.6,147.9,227
Eastern,Ngora,Ngora,13847,14773,28620,93.7,136.1,210
Eastern,Ngora,Ngora Town Council,7353,7795,15148,94.3,182.8,83
Eastern,Ngora,Ngora Total,68414,73505,141919,93.1,161.4,879
Eastern,Pallisa,Agule,8775,9357,18132,93.8,44.9,404
Eastern,Pallisa,Akisim,6460,6595,13055,98,35.5,368
Eastern,Pallisa,Apopong,12925,13328,26253,97,57.9,453
Eastern,Pallisa,Butebo,14335,15058,29393,95.2,67.8,434
Eastern,Pallisa,Chelekura,5570,6168,11738,90.3,31.2,376
Eastern,Pallisa,Gogonyo,14808,15598,30406,94.9,213.4,142
Eastern,Pallisa,Kabwangasi,13766,14786,28552,93.1,57.7,495
Eastern,Pallisa,Kakoro,8349,8956,17305,93.2,38.9,445
Eastern,Pallisa,Kameke,8497,8823,17320,96.3,44.6,388
Eastern,Pallisa,Kamuge,10494,11089,21583,94.6,50,432
Eastern,Pallisa,Kanginima,4771,5116,9887,93.3,25,395
Eastern,Pallisa,Kasodo,6912,7421,14333,93.1,49.2,291
Eastern,Pallisa,Kibale,7969,8441,16410,94.4,39.9,411
Eastern,Pallisa,Olok,7976,8297,16273,96.1,54.1,301
Eastern,Pallisa,Opwateta,8203,8596,16799,95.4,46.2,364
Eastern,Pallisa,Pallisa,7654,7746,15400,98.8,32.5,474
Eastern,Pallisa,Pallisa Town Council,15801,17337,33138,91.1,33.6,986
Eastern,Pallisa,Petete,12959,13666,26625,94.8,46.5,573
Eastern,Pallisa,Puti-Puti,11900,12387,24287,96.1,63.4,383
Eastern,Pallisa,Pallisa Total,188125,198765,386890,94.6,63.4,6102
Eastern,Serere,Atiira,9934,10472,20406,94.9,117,174
Eastern,Serere,Bugondo,17454,18024,35478,96.8,158.9,223
Eastern,Serere,Kadungulu,16189,16728,32917,96.8,10.7,3076
Eastern,Serere,Kasilo Town Council,1742,1795,3537,97,250.9,14
Eastern,Serere,Kateta,26503,27878,54381,95.1,226.9,240
Eastern,Serere,Kyere,23159,24739,47898,93.6,122.7,390
Eastern,Serere,Labori,9816,10061,19877,97.6,151.4,131
Eastern,Serere,Olio,13780,14492,28272,95.1,208.6,136
Eastern,Serere,Pingire,16692,17824,34516,93.6,224.4,154
Eastern,Serere,Serere Town Council,4224,4397,8621,96.1,23.3,370
Eastern,Serere,Serere Total,139493,146410,285903,956.5727,1494.8,191
Eastern,Sironko,Budadiri Town Council,8589,8412,17001,102.1,6.5,2616
Eastern,Sironko,Bugitimwa,4325,4171,8496,103.7,46.5,183
Eastern,Sironko,Buhugu,3665,3767,7432,97.3,23.3,319
Eastern,Sironko,Bukhulo,8757,9343,18100,93.7,25.8,702
Eastern,Sironko,Bukiise,10130,10408,20538,97.3,37.4,549
Eastern,Sironko,Bukiyi,6453,6514,12967,99.1,22.8,569
Eastern,Sironko,Bukyabo,3686,3483,7169,105.8,9.3,771
Eastern,Sironko,Bukyambi,1747,1772,3519,98.6,4.1,858
Eastern,Sironko,Bumalimba,8316,8594,16910,96.8,7.1,2382
Eastern,Sironko,Bumasifwa,5291,5025,10316,105.3,17.9,576
Eastern,Sironko,Bunyafa,5809,5948,11757,97.7,15.9,739
Eastern,Sironko,Busulani,3831,3738,7569,102.5,10,757
Eastern,Sironko,Butandiga,3025,2959,5984,102.2,10.4,575
Eastern,Sironko,Buteza,5628,5646,11274,99.7,16.3,692
Eastern,Sironko,Buwalasi,6835,6863,13698,99.6,19.3,710
Eastern,Sironko,Buwasa,4439,4303,8742,103.2,11.9,735
Eastern,Sironko,Buyobo,6701,6816,13517,98.3,22.5,601
Eastern,Sironko,Masaba,5312,4854,10166,109.4,22.1,460
Eastern,Sironko,Nalusala,4664,4717,9381,98.9,22,426
Eastern,Sironko,Sironko Town Council,8324,8779,17103,94.8,21.7,788
Eastern,Sironko,Zesui,5335,5447,10782,97.9,30.7,351
Eastern,Sironko,Sironko Total,120862,121559,242421,99.4,403.5,601
Eastern,Soroti,Eastern Division,8968,9792,18760,91.6,3.2,5863
Eastern,Soroti,Northern Division,9427,9690,19117,97.3,18.1,1056
Eastern,Soroti,Western Division,5586,6222,11808,89.8,8.7,1357
Eastern,Soroti,Arapai,19860,20568,40428,96.6,232.6,174
Eastern,Soroti,Asuret,19527,20111,39638,97.1,182.9,217
Eastern,Soroti,Gweri,23165,24733,47898,93.7,303.3,158
Eastern,Soroti,Kamuda,18398,18625,37023,98.8,193.4,191
Eastern,Soroti,Katine,17320,17752,35072,97.6,225.4,156
Eastern,Soroti,Soroti,12080,13036,25116,92.7,62.7,401
Eastern,Soroti,Tubur,10645,11328,21973,94,135.8,162
Eastern,Soroti,Soroti Total,144976,151857,296833,95.5,1366.1,217
Eastern,Tororo,Kwapa,9755,10405,20160,93.8,42.9,470
Eastern,Tororo,Malaba Town Council,8586,9382,17968,91.5,1.6,11230
Eastern,Tororo,Mella,9239,10022,19261,92.2,65.2,295
Eastern,Tororo,Merikit,12367,13402,25769,92.3,55.4,465
Eastern,Tororo,Molo,9008,9795,18803,92,41,459
Eastern,Tororo,Mukuju,18480,19729,38209,93.7,76,503
Eastern,Tororo,Osukuru,22780,23104,45884,98.6,113.8,403
Eastern,Tororo,Iyolwa,9762,10533,20295,92.7,92.4,220
Eastern,Tororo,Kirewa,13705,14408,28113,95.1,64,439
Eastern,Tororo,Kisoko,9274,9740,19014,95.2,34.5,551
Eastern,Tororo,Magola,8633,9191,17824,93.9,60.9,293
Eastern,Tororo,Mulanda,18863,19935,38798,94.6,112.3,345
Eastern,Tororo,Nabuyoga,15086,15840,30926,95.2,87.9,352
Eastern,Tororo,Nagongera,12440,13082,25522,95.1,55.6,459
Eastern,Tororo,Nagongera Town Council,5992,6349,12341,94.4,24.9,496
Eastern,Tororo,Paya,14617,14870,29487,98.3,80.2,368
Eastern,Tororo,Petta,7633,8158,15791,93.6,35.5,445
Eastern,Tororo,Rubongi,17810,18717,36527,95.2,81.5,448
Eastern,Tororo,Sop-Sop,6948,7424,14372,93.6,37,388
Eastern,Tororo,"Eastern Division,Tororo Municipality","9,048","10,026","19,074",90.2,18.0,"1,060"
Eastern,Tororo,"Western Division,Tororo Municipality","10,804","12,138","22,942",89.0,13.2,"1,738"
Eastern,Tororo,Tororo Total,"250,830","266,250","517,080",94.2,"1,193.8",433
